form_type,filer_committee_id_number,transaction_id_number,back_reference_tran_id_number,back_reference_sched_name,entity_type,payee_organization_name,payee_last_name,payee_first_name,payee_middle_name,payee_prefix,payee_suffix,payee_street_1,payee_street_2,payee_city,payee_state,payee_zip_code,election_code,election_other_description,expenditure_date,expenditure_amount,semi_annual_refunded_bundled_amt,expenditure_purpose_descrip,category_code,beneficiary_committee_fec_id,beneficiary_committee_name,beneficiary_candidate_fec_id,beneficiary_candidate_last_name,beneficiary_candidate_first_name,beneficiary_candidate_middle_name,beneficiary_candidate_prefix,beneficiary_candidate_suffix,beneficiary_candidate_office,beneficiary_candidate_state,beneficiary_candidate_district,conduit_name,conduit_street_1,conduit_street_2,conduit_city,conduit_state,conduit_zip_code,memo_code,memo_text_description,reference_to_si_or_sl_system_code_that_identifies_the_account
SB21B,C00784496,SB21B.18936,,,ORG,ACCOUNTING & CONSULTING SOLUTIONS INC,,,,,,420 E SOUTH TEMPLE STE 390,,SALT LAKE CITY,UT,84111,,,2023-11-21,4813.22,,BATCHING/CAGING SERVICES,,,,,,,,,,,,,,,,,,,,
SB21B,C00784496,SB21B.18937,,,ORG,ANEDOT,,,,,,1340 POYDRAS ST,STE 1770,NEW ORLEANS,LA,70112,,,2023-11-06,36.30,,CREDIT CARD MERCHANT FEE,,,,,,,,,,,,,,,,,,,,
SB21B,C00784496,SB21B.18938,,,ORG,ANEDOT,,,,,,1340 POYDRAS ST,STE 1770,NEW ORLEANS,LA,70112,,,2023-11-07,74.12,,CREDIT CARD MERCHANT FEE,,,,,,,,,,,,,,,,,,,,
SB21B,C00784496,SB21B.18939,,,ORG,ANEDOT,,,,,,1340 POYDRAS ST,STE 1770,NEW ORLEANS,LA,70112,,,2023-11-10,48.00,,CREDIT CARD MERCHANT FEE,,,,,,,,,,,,,,,,,,,,
SB21B,C00784496,SB21B.18940,,,ORG,ANEDOT,,,,,,1340 POYDRAS ST,STE 1770,NEW ORLEANS,LA,70112,,,2023-11-14,1.40,,CREDIT CARD MERCHANT FEE,,,,,,,,,,,,,,,,,,,,
SB21B,C00784496,SB21B.18941,,,ORG,ANEDOT,,,,,,1340 POYDRAS ST,STE 1770,NEW ORLEANS,LA,70112,,,2023-11-20,69.96,,CREDIT CARD MERCHANT FEE,,,,,,,,,,,,,,,,,,,,
SB21B,C00784496,SB21B.18942,,,ORG,ANEDOT,,,,,,1340 POYDRAS ST,STE 1770,NEW ORLEANS,LA,70112,,,2023-11-22,70.50,,CREDIT CARD MERCHANT FEE,,,,,,,,,,,,,,,,,,,,
SB21B,C00784496,SB21B.18943,,,ORG,ANEDOT,,,,,,1340 POYDRAS ST,STE 1770,NEW ORLEANS,LA,70112,,,2023-11-22,6.00,,CREDIT CARD MERCHANT FEE,,,,,,,,,,,,,,,,,,,,
SB21B,C00784496,SB21B.18944,,,ORG,ANEDOT,,,,,,1340 POYDRAS ST,STE 1770,NEW ORLEANS,LA,70112,,,2023-11-27,2.60,,CREDIT CARD MERCHANT FEE,,,,,,,,,,,,,,,,,,,,
SB21B,C00784496,SB21B.18945,,,ORG,ANEDOT,,,,,,1340 POYDRAS ST,STE 1770,NEW ORLEANS,LA,70112,,,2023-11-28,29.70,,CREDIT CARD MERCHANT FEE,,,,,,,,,,,,,,,,,,,,
SB21B,C00784496,SB21B.18946,,,ORG,ANEDOT,,,,,,1340 POYDRAS ST,STE 1770,NEW ORLEANS,LA,70112,,,2023-11-30,165.35,,CREDIT CARD MERCHANT FEE,,,,,,,,,,,,,,,,,,,,
SB21B,C00784496,SB21B.18947,,,ORG,ANEDOT,,,,,,1340 POYDRAS ST,STE 1770,NEW ORLEANS,LA,70112,,,2023-11-30,1.70,,CREDIT CARD MERCHANT FEE,,,,,,,,,,,,,,,,,,,,
SB21B,C00784496,SB21B.18948,,,ORG,BANKCARD USA,,,,,,2625 TOWNSGATE RD #100,,THOUSAND OAKS,CA,91361,,,2023-11-02,416.36,,CREDIT CARD MERCHANT FEE,,,,,,,,,,,,,,,,,,,,
SB21B,C00784496,SB21B.18954,,,ORG,MONMOUTH CONSULTING,,,,,,3 PATE DR,,MIDDLETOWN,NJ,07748,,,2023-11-02,389.93,,BOOKKEEPING/ACCOUNTING SERVICES,,,,,,,,,,,,,,,,,,,,
SB21B,C00784496,SB21B.18955,,,ORG,MONMOUTH CONSULTING,,,,,,3 PATE DR,,MIDDLETOWN,NJ,07748,,,2023-11-16,387.00,,BOOKKEEPING/ACCOUNTING SERVICES,,,,,,,,,,,,,,,,,,,,
SB21B,C00784496,SB21B.18956,,,ORG,MONMOUTH CONSULTING,,,,,,3 PATE DR,,MIDDLETOWN,NJ,07748,,,2023-11-30,371.67,,BOOKKEEPING/ACCOUNTING SERVICES,,,,,,,,,,,,,,,,,,,,
SB21B,C00784496,SB21B.18957,,,ORG,NORTH AMERICAN FULFILLMENT,,,,,,5000 S NAGLE AVE,,CHICAGO,IL,60638,,,2023-11-03,217.90,,CAGING AND ESCROW,,,,,,,,,,,,,,,,,,,,
SB21B,C00784496,SB21B.18958,,,ORG,NORTH AMERICAN FULFILLMENT,,,,,,5000 S NAGLE AVE,,CHICAGO,IL,60638,,,2023-11-09,78.13,,CAGING AND ESCROW,,,,,,,,,,,,,,,,,,,,
SB21B,C00784496,SB21B.18959,,,ORG,NORTH AMERICAN FULFILLMENT,,,,,,5000 S NAGLE AVE,,CHICAGO,IL,60638,,,2023-11-17,378.30,,CAGING AND ESCROW,,,,,,,,,,,,,,,,,,,,
SB21B,C00784496,SB21B.18960,,,ORG,NORTH AMERICAN FULFILLMENT,,,,,,5000 S NAGLE AVE,,CHICAGO,IL,60638,,,2023-11-24,4070.57,,CAGING AND ESCROW,,,,,,,,,,,,,,,,,,,,
SB21B,C00784496,SB21B.18961,,,ORG,NORTH AMERICAN FULFILLMENT,,,,,,5000 S NAGLE AVE,,CHICAGO,IL,60638,,,2023-11-30,1607.69,,CAGING AND ESCROW,,,,,,,,,,,,,,,,,,,,
SB21B,C00784496,SB21B.18962,,,ORG,OXFORD COMMUNICATIONS LLC,,,,,,PO BOX 1198,,GREAT FALLS,VA,22066,,,2023-11-17,8912.55,,FUNDRAISING CONSULTING,,,,,,,,,,,,,,,,,,,,
SB21B,C00784496,SB21B.18963,,,ORG,OXFORD COMMUNICATIONS LLC,,,,,,PO BOX 1198,,GREAT FALLS,VA,22066,,,2023-11-17,9793.72,,FUNDRAISING CONSULTING,,,,,,,,,,,,,,,,,,,,
SB21B,C00784496,SB21B.18964,,,ORG,PAYPAL,,,,,,2211 N 1ST ST,,SAN JOSE,CA,95131,,,2023-11-06,30.00,,CREDIT CARD MERCHANT FEE,,,,,,,,,,,,,,,,,,,,
SB21B,C00784496,SB21B.18966,,,ORG,RESIDENTIAL PROGRAMS INC,,,,,,12 CHRISTOPHER WAY,STE 200,EATONTOWN,NJ,07724,,,2023-11-03,5267.95,,TELEMARKETING/DIRECT MAIL/DATA AND TECHNOLOGY SERVICES,,,,,,,,,,,,,,,,,,,,
SB21B,C00784496,SB21B.18967,,,ORG,RESIDENTIAL PROGRAMS INC,,,,,,12 CHRISTOPHER WAY,STE 200,EATONTOWN,NJ,07724,,,2023-11-10,4288.67,,TELEMARKETING/DIRECT MAIL/DATA AND TECHNOLOGY SERVICES,,,,,,,,,,,,,,,,,,,,
SB21B,C00784496,SB21B.18968,,,ORG,RESIDENTIAL PROGRAMS INC,,,,,,12 CHRISTOPHER WAY,STE 200,EATONTOWN,NJ,07724,,,2023-11-16,1671.88,,TELEMARKETING/DIRECT MAIL/DATA AND TECHNOLOGY SERVICES,,,,,,,,,,,,,,,,,,,,
SB21B,C00784496,SB21B.18969,,,ORG,RESIDENTIAL PROGRAMS INC,,,,,,12 CHRISTOPHER WAY,STE 200,EATONTOWN,NJ,07724,,,2023-11-17,4214.57,,TELEMARKETING/DIRECT MAIL/DATA AND TECHNOLOGY SERVICES,,,,,,,,,,,,,,,,,,,,
SB21B,C00784496,SB21B.18970,,,ORG,RESIDENTIAL PROGRAMS INC,,,,,,12 CHRISTOPHER WAY,STE 200,EATONTOWN,NJ,07724,,,2023-11-24,19.74,,TELEMARKETING/DIRECT MAIL/DATA AND TECHNOLOGY SERVICES,,,,,,,,,,,,,,,,,,,,
SB21B,C00784496,SB21B.18971,,,ORG,RESIDENTIAL PROGRAMS INC,,,,,,12 CHRISTOPHER WAY,STE 200,EATONTOWN,NJ,07724,,,2023-11-27,861.84,,TELEMARKETING/DIRECT MAIL/DATA AND TECHNOLOGY SERVICES,,,,,,,,,,,,,,,,,,,,
SB21B,C00784496,SB21B.18972,,,ORG,RESIDENTIAL PROGRAMS INC,,,,,,12 CHRISTOPHER WAY,STE 200,EATONTOWN,NJ,07724,,,2023-11-28,2769.29,,TELEMARKETING/DIRECT MAIL/DATA AND TECHNOLOGY SERVICES,,,,,,,,,,,,,,,,,,,,
SB21B,C00784496,SB21B.18973,,,ORG,RESIDENTIAL PROGRAMS INC,,,,,,12 CHRISTOPHER WAY,STE 200,EATONTOWN,NJ,07724,,,2023-11-30,2.03,,TELEMARKETING/DIRECT MAIL/DATA AND TECHNOLOGY SERVICES,,,,,,,,,,,,,,,,,,,,
