form_type,filer_committee_id_number,transaction_id_number,back_reference_tran_id_number,back_reference_sched_name,entity_type,payee_organization_name,payee_last_name,payee_first_name,payee_middle_name,payee_prefix,payee_suffix,payee_street_1,payee_street_2,payee_city,payee_state,payee_zip_code,election_code,election_other_description,dissemination_date,expenditure_amount,disbursement_date,calendar_y_t_d_per_election_office,expenditure_purpose_descrip,category_code,payee_cmtte_fec_id_number,support_oppose_code,candidate_id_number,candidate_last_name,candidate_first_name,candidate_middle_name,candidate_prefix,candidate_suffix,candidate_office,candidate_district,candidate_state,completing_last_name,completing_first_name,completing_middle_name,completing_prefix,completing_suffix,date_signed,memo_code,memo_text_description
SE,C00740555,XEALC44,,,ORG,ATHENA GROUP STRATEGIES,,,,,,876 SOUTH MAIN STREET,,PLANTSVILLE,CT,06479,G2024,,2024-10-01,15000.00,2024-10-01,718757.35,LIVE CALLS,24A,,O,,MIN,DAVE,,,,H,47,CA,HERNANDEZ,TERESA,,,,2024-10-23,
SE,C00740555,XEALC45,,,ORG,GRAYSTONE PUBLIC AFFAIRS INC,,,,,,511 CHERRY VALLEY ACRES,,BEAUMONT,CA,92223,G2024,,2024-10-02,8540.49,2024-10-02,718757.35,GRASSROOTS CANVASSING SERVICES,24E,,S,,BAUGH,SCOTT,,,,H,47,CA,HERNANDEZ,TERESA,,,,2024-10-23,
SE,C00740555,XEALC46,,,ORG,GRAYSTONE PUBLIC AFFAIRS INC,,,,,,511 CHERRY VALLEY ACRES,,BEAUMONT,CA,92223,G2024,,2024-10-04,300000.00,2024-10-04,718757.35,"CANVASSING SERVICES, SOFTWARE, PRINTING COSTS",24E,,S,,BAUGH,SCOTT,,,,H,47,CA,HERNANDEZ,TERESA,,,,2024-10-23,
SE,C00740555,XEALC48,,,ORG,NUO YUN MEDIA INC.,,,,,,25391 COMMERCENTRE DR. STE 100,,LAKE FOREST,CA,92630,G2024,,2024-10-10,10000.00,2024-10-08,718757.35,DIGITAL ADVERTISING,004,,S,,BAUGH,SCOTT,,,,H,47,CA,HERNANDEZ,TERESA,,,,2024-10-23,
SE,C00740555,XEALC49,,,ORG,GRAYSTONE PUBLIC AFFAIRS INC,,,,,,511 CHERRY VALLEY ACRES,,BEAUMONT,CA,92223,G2024,,2024-10-11,17080.98,2024-10-11,718757.35,GRASSROOTS CANVASSING SERVICES,24E,,S,,BAUGH,SCOTT,,,,H,47,CA,HERNANDEZ,TERESA,,,,2024-10-23,
SE,C00740555,XEALC50,,,ORG,MEGA MEDIA GROUP INC.,,,,,,28 HAMMOND STE C,,IRVINE,CA,92618,G2024,,2024-10-14,6000.00,2024-10-14,718757.35,MEDIA SERVICES,004,,S,,BAUGH,SCOTT,,,,H,47,CA,HERNANDEZ,TERESA,,,,2024-10-23,
SE,C00740555,XEALC52,,,ORG,ATHENA GROUP STRATEGIES,,,,,,876 SOUTH MAIN STREET,,PLANTSVILLE,CT,06479,G2024,,2024-10-15,20000.00,2024-10-15,718757.35,LIVE CALLS & DIGITAL ADS,24A,,O,,MIN,DAVE,,,,H,47,CA,HERNANDEZ,TERESA,,,,2024-10-23,
