form_type,filer_committee_id_number,transaction_id_number,back_reference_tran_id_number,back_reference_sched_name,entity_type,payee_organization_name,payee_last_name,payee_first_name,payee_middle_name,payee_prefix,payee_suffix,payee_street_1,payee_street_2,payee_city,payee_state,payee_zip_code,election_code,election_other_description,expenditure_date,expenditure_amount,semi_annual_refunded_bundled_amt,expenditure_purpose_descrip,category_code,beneficiary_committee_fec_id,beneficiary_committee_name,beneficiary_candidate_fec_id,beneficiary_candidate_last_name,beneficiary_candidate_first_name,beneficiary_candidate_middle_name,beneficiary_candidate_prefix,beneficiary_candidate_suffix,beneficiary_candidate_office,beneficiary_candidate_state,beneficiary_candidate_district,conduit_name,conduit_street_1,conduit_street_2,conduit_city,conduit_state,conduit_zip_code,memo_code,memo_text_description,reference_to_si_or_sl_system_code_that_identifies_the_account
SB21B,C00885947,500117892,,,ORG,45 North Media,,,,,,PO Box 1766,,Gaylord,MI,497345766,,,2024-10-01,9780.00,0.00,Radio Advertising,,,,,,,,,,,,,,,,,,,,
SB21B,C00885947,500117893,,,ORG,45 North Media,,,,,,PO Box 1766,,Gaylord,MI,497345766,,,2024-10-03,3870.00,0.00,Radio Advertising,,,,,,,,,,,,,,,,,,,,
SB21B,C00885947,500117894,,,ORG,Alpha Media LLC,,,,,,1795 Tittabawassee Rd,,Saginaw,MI,486049431,,,2024-10-08,3920.00,0.00,Radio Advertising,,,,,,,,,,,,,,,,,,,,
SB21B,C00885947,500117895,,,ORG,AMC Partners Escanaba,,,,,,1101 Ludington St,Ste A,Escanaba,MI,498293565,,,2024-10-09,51480.00,0.00,Radio Advertising,,,,,,,,,,,,,,,,,,,,
SB21B,C00885947,500118027,,,ORG,American Express,,,,,,200 Vesey St,Fl 50,New York,NY,102851000,,,2024-10-01,81036.36,0.00,Credit Card Payment - See Below,,,,,,,,,,,,,,,,,,,,
SB21B,C00885947,500118084,500118027,SB21B,ORG,Alpha Media LLC,,,,,,1795 Tittabawassee Rd,,Saginaw,MI,486049431,,,2024-10-01,10976.00,0.00,Radio Advertising,,,,,,,,,,,,,,,,,,,X,*
SB21B,C00885947,500118083,500118027,SB21B,ORG,Capitol Broadcasting,,,,,,25 N Kerr Ave,,Wilmington,NC,284053403,,,2024-10-01,7836.00,0.00,Radio Advertising,,,,,,,,,,,,,,,,,,,X,*
SB21B,C00885947,500118079,500118027,SB21B,ORG,Flood Communications,,,,,,PO Box 37,,Sidney,NE,691620037,,,2024-10-01,10597.63,0.00,Radio Advertising,,,,,,,,,,,,,,,,,,,X,*
SB21B,C00885947,500118080,500118027,SB21B,ORG,Flood Communications,,,,,,PO Box 37,,Sidney,NE,691620037,,,2024-10-01,1870.17,0.00,Radio Advertising,,,,,,,,,,,,,,,,,,,X,*
SB21B,C00885947,500118082,500118027,SB21B,ORG,"Good Karma Broadcasting, LLC",,,,,,720 E Capitol Dr,,Milwaukee,WI,532121308,,,2024-10-01,2838.00,0.00,Radio Advertising,,,,,,,,,,,,,,,,,,,X,*
SB21B,C00885947,500118081,500118027,SB21B,ORG,Pathfinder Communications Corp,,,,,,245 W Edison Rd,Ste 250,Mishawaka,IN,465458308,,,2024-10-01,20366.00,0.00,Radio Advertising,,,,,,,,,,,,,,,,,,,X,*
SB21B,C00885947,500118085,500118027,SB21B,ORG,"Summit Media, Inc.",,,,,,150 Spectrum Blvd,,Las Vegas,NV,891014860,,,2024-10-01,1810.00,0.00,Radio Advertising,,,,,,,,,,,,,,,,,,,X,*
SB21B,C00885947,500118076,500118027,SB21B,ORG,"WGHN, Inc.",,,,,,1 S Harbor Dr,,Grand Haven,MI,494171385,,,2024-10-01,7134.42,0.00,Radio Advertising,,,,,,,,,,,,,,,,,,,X,*
SB21B,C00885947,500118077,500118027,SB21B,ORG,WSK Family Credit Shelter Trust,,,,,,701 E Deuce Of Clubs,,Show Low,AZ,859014925,,,2024-10-01,9602.89,0.00,Radio Advertising,,,,,,,,,,,,,,,,,,,X,*
SB21B,C00885947,500118078,500118027,SB21B,ORG,WSK Family Credit Shelter Trust,,,,,,701 E Deuce Of Clubs,,Show Low,AZ,859014925,,,2024-10-01,8005.25,0.00,Radio Advertising,,,,,,,,,,,,,,,,,,,X,*
SB21B,C00885947,500118028,,,ORG,American Express,,,,,,200 Vesey St,Fl 50,New York,NY,102851000,,,2024-10-02,12093.18,0.00,Credit Card Payment - See Below,,,,,,,,,,,,,,,,,,,,
SB21B,C00885947,500118087,500118028,SB21B,ORG,Black Diamond Broadcast Group,,,,,,PO Box 6016,,Traverse City,MI,496966016,,,2024-10-02,1923.18,0.00,Radio Advertising,,,,,,,,,,,,,,,,,,,X,*
SB21B,C00885947,500118086,500118028,SB21B,ORG,"Summit Media, Inc.",,,,,,150 Spectrum Blvd,,Las Vegas,NV,891014860,,,2024-10-02,10170.00,0.00,Radio Advertising,,,,,,,,,,,,,,,,,,,X,*
SB21B,C00885947,500118029,,,ORG,American Express,,,,,,200 Vesey St,Fl 50,New York,NY,102851000,,,2024-10-08,12951.82,0.00,Credit Card Payment - See Below,,,,,,,,,,,,,,,,,,,,
SB21B,C00885947,500118088,500118029,SB21B,ORG,Black Diamond Broadcast Group,,,,,,PO Box 6016,,Traverse City,MI,496966016,,,2024-10-08,8395.82,0.00,Radio Advertising,,,,,,,,,,,,,,,,,,,X,*
SB21B,C00885947,500118089,500118029,SB21B,ORG,Black Diamond Broadcast Group,,,,,,PO Box 6016,,Traverse City,MI,496966016,,,2024-10-08,4556.00,0.00,Radio Advertising,,,,,,,,,,,,,,,,,,,X,*
SB21B,C00885947,500117896,,,ORG,Audacy,,,,,,PO Box 7709,,Cleveland,OH,441940001,,,2024-10-04,12376.00,0.00,Radio Advertising,,,,,,,,,,,,,,,,,,,,
SB21B,C00885947,500117897,,,ORG,Backyard Broadcasting,,,,,,1685 Four Mile Dr,,Williamsport,PA,177011975,,,2024-10-01,4164.00,0.00,Radio Advertising,,,,,,,,,,,,,,,,,,,,
SB21B,C00885947,500117898,,,ORG,Backyard Broadcasting,,,,,,1685 Four Mile Dr,,Williamsport,PA,177011975,,,2024-10-09,1590.00,0.00,Radio Advertising,,,,,,,,,,,,,,,,,,,,
SB21B,C00885947,500117899,,,ORG,Beilfuss Broadcasting Company,,,,,,120 N Michigan Ave,Ste 4,Big Rapids,MI,493071457,,,2024-10-01,4260.00,0.00,Radio Advertising,,,,,,,,,,,,,,,,,,,,
SB21B,C00885947,500117900,,,ORG,Beilfuss Broadcasting Company,,,,,,120 N Michigan Ave,Ste 4,Big Rapids,MI,493071457,,,2024-10-02,1830.00,0.00,Radio Advertising,,,,,,,,,,,,,,,,,,,,
SB21B,C00885947,500117901,,,ORG,Black Diamond Broadcast Group,,,,,,PO Box 6016,,Traverse City,MI,496966016,,,2024-10-08,1394.00,0.00,Radio Advertising,,,,,,,,,,,,,,,,,,,,
SB21B,C00885947,500117902,,,ORG,Black Diamond Broadcast Group,,,,,,PO Box 6016,,Traverse City,MI,496966016,,,2024-10-08,3306.50,0.00,Radio Advertising,,,,,,,,,,,,,,,,,,,,
SB21B,C00885947,500125392,,,ORG,"Broadcast Communications, Inc.",,,,,,PO Box 990,,Greensburg,PA,156010990,,,2024-10-01,8960.00,0.00,Radio Advertising,,,,,,,,,,,,,,,,,,,,
SB21B,C00885947,500125393,,,ORG,"Broadcast Communications, Inc.",,,,,,PO Box 990,,Greensburg,PA,156010990,,,2024-10-01,16880.00,0.00,Radio Advertising,,,,,,,,,,,,,,,,,,,,
SB21B,C00885947,500125394,,,ORG,"Broadcast Communications, Inc.",,,,,,PO Box 990,,Greensburg,PA,156010990,,,2024-10-02,6920.00,0.00,Radio Advertising,,,,,,,,,,,,,,,,,,,,
SB21B,C00885947,500125396,,,ORG,"Broadcast Communications, Inc.",,,,,,PO Box 990,,Greensburg,PA,156010990,,,2024-10-07,3584.00,0.00,Radio Advertising,,,,,,,,,,,,,,,,,,,,
SB21B,C00885947,500117903,,,ORG,Byrne Acquisition Group,,,,,,3 E 1st St,,Weldon,NC,278901560,,,2024-10-01,6834.00,0.00,Radio Advertising,,,,,,,,,,,,,,,,,,,,
SB21B,C00885947,500117904,,,ORG,Byrne Acquisition Group,,,,,,3 E 1st St,,Weldon,NC,278901560,,,2024-10-03,2091.00,0.00,Radio Advertising,,,,,,,,,,,,,,,,,,,,
SB21B,C00885947,500117905,,,ORG,Camellia City Communications,,,,,,788 Cedar Rock Rd,,Thomson,GA,308247642,,,2024-10-01,2130.00,0.00,Radio Advertising,,,,,,,,,,,,,,,,,,,,
SB21B,C00885947,500117906,,,ORG,Camellia City Communications,,,,,,788 Cedar Rock Rd,,Thomson,GA,308247642,,,2024-10-03,915.00,0.00,Radio Advertising,,,,,,,,,,,,,,,,,,,,
SB21B,C00885947,500117907,,,ORG,Case Communications,,,,,,1009 Egg Harbor Rd,,Sturgeon Bay,WI,542351200,,,2024-10-01,6549.60,0.00,Radio Advertising,,,,,,,,,,,,,,,,,,,,
SB21B,C00885947,500117908,,,ORG,Case Communications,,,,,,1009 Egg Harbor Rd,,Sturgeon Bay,WI,542351200,,,2024-10-09,2614.80,0.00,Radio Advertising,,,,,,,,,,,,,,,,,,,,
SB21B,C00885947,500117909,,,ORG,Central Wisconsin Broadcasting,,,,,,1201 E Division St,,Neillsville,WI,544562123,,,2024-10-01,9940.00,0.00,Radio Advertising,,,,,,,,,,,,,,,,,,,,
SB21B,C00885947,500117910,,,ORG,Central Wisconsin Broadcasting,,,,,,1201 E Division St,,Neillsville,WI,544562123,,,2024-10-09,4270.00,0.00,Radio Advertising,,,,,,,,,,,,,,,,,,,,
SB21B,C00885947,500118030,,,ORG,Chase Bank,,,,,,9200 Oakdale Ave,,Chatsworth,CA,913116500,,,2024-10-08,62713.02,0.00,Credit Card Payment - See Below,,,,,,,,,,,,,,,,,,,,
SB21B,C00885947,500118092,500118030,SB21B,ORG,"Mad Dog Wireless, Inc.",,,,,,10 Media Center Dr,,Lake Havasu City,AZ,86403,,,2024-10-08,3485.70,0.00,Radio Advertising,,,,,,,,,,,,,,,,,,,X,*
SB21B,C00885947,500118091,500118030,SB21B,ORG,"Results Broadcasting of Iron Mountain, Inc.",,,,,,PO Box 456,,Shawano,WI,541660456,,,2024-10-08,14918.52,0.00,Radio Advertising,,,,,,,,,,,,,,,,,,,X,*
SB21B,C00885947,500118090,500118030,SB21B,ORG,"Townsquare Media, Inc.",,,,,,PO Box 2620,,Thatcher,AZ,855522620,,,2024-10-08,44308.80,0.00,Radio Advertising,,,,,,,,,,,,,,,,,,,X,*
SB21B,C00885947,500117911,,,ORG,"Civic Media, Inc.",,,,,,202 State St,Ste 200,Madison,WI,537032216,,,2024-10-01,22994.80,0.00,Radio Advertising,,,,,,,,,,,,,,,,,,,,
SB21B,C00885947,500117912,,,ORG,"Civic Media, Inc.",,,,,,202 State St,Ste 200,Madison,WI,537032216,,,2024-10-01,10530.00,0.00,Radio Advertising,,,,,,,,,,,,,,,,,,,,
SB21B,C00885947,500117913,,,ORG,"Civic Media, Inc.",,,,,,202 State St,Ste 200,Madison,WI,537032216,,,2024-10-03,8977.00,0.00,Radio Advertising,,,,,,,,,,,,,,,,,,,,
SB21B,C00885947,500117914,,,ORG,"Civic Media, Inc.",,,,,,202 State St,Ste 200,Madison,WI,537032216,,,2024-10-03,3099.00,0.00,Radio Advertising,,,,,,,,,,,,,,,,,,,,
SB21B,C00885947,500117915,,,ORG,CMC Media LLC,,,,,,PO Box 709,,Whitewater,WI,531900709,,,2024-10-01,13277.00,0.00,Radio Advertising,,,,,,,,,,,,,,,,,,,,
SB21B,C00885947,500118074,,,ORG,CMC Media LLC,,,,,,PO Box 709,,Whitewater,WI,531900709,,,2024-10-09,5703.50,0.00,Radio Advertising,,,,,,,,,,,,,,,,,,,,
SB21B,C00885947,500117916,,,ORG,Core Radio Group,,,,,,50 Hurt Plz SE,Ste 1220,Atlanta,GA,303032952,,,2024-10-01,7460.00,0.00,Radio Advertising,,,,,,,,,,,,,,,,,,,,
SB21B,C00885947,500117917,,,ORG,Core Radio Group,,,,,,50 Hurt Plz SE,Ste 1220,Atlanta,GA,303032952,,,2024-10-01,40120.00,0.00,Radio Advertising,,,,,,,,,,,,,,,,,,,,
SB21B,C00885947,500117918,,,ORG,Core Radio Group,,,,,,50 Hurt Plz SE,Ste 1220,Atlanta,GA,303032952,,,2024-10-01,12020.00,0.00,Radio Advertising,,,,,,,,,,,,,,,,,,,,
SB21B,C00885947,500117919,,,ORG,Core Radio Group,,,,,,50 Hurt Plz SE,Ste 1220,Atlanta,GA,303032952,,,2024-10-03,18700.00,0.00,Radio Advertising,,,,,,,,,,,,,,,,,,,,
SB21B,C00885947,500117920,,,ORG,Core Radio Group,,,,,,50 Hurt Plz SE,Ste 1220,Atlanta,GA,303032952,,,2024-10-03,43770.00,0.00,Radio Advertising,,,,,,,,,,,,,,,,,,,,
SB21B,C00885947,500117921,,,ORG,Core Radio Group,,,,,,50 Hurt Plz SE,Ste 1220,Atlanta,GA,303032952,,,2024-10-03,70790.00,0.00,Radio Advertising,,,,,,,,,,,,,,,,,,,,
SB21B,C00885947,500117922,,,ORG,Cumulus Media,,,,,,544 Mulberry St,Fl 7,Macon,GA,312012770,,,2024-10-01,13250.00,0.00,Radio Advertising,,,,,,,,,,,,,,,,,,,,
SB21B,C00885947,500117923,,,ORG,Cumulus Media,,,,,,544 Mulberry St,Fl 7,Macon,GA,312012770,,,2024-10-01,17500.00,0.00,Radio Advertising,,,,,,,,,,,,,,,,,,,,
SB21B,C00885947,500117924,,,ORG,Cumulus Media,,,,,,544 Mulberry St,Fl 7,Macon,GA,312012770,,,2024-10-01,16720.00,0.00,Radio Advertising,,,,,,,,,,,,,,,,,,,,
SB21B,C00885947,500117925,,,ORG,Cumulus Media,,,,,,544 Mulberry St,Fl 7,Macon,GA,312012770,,,2024-10-01,22470.00,0.00,Radio Advertising,,,,,,,,,,,,,,,,,,,,
SB21B,C00885947,500117926,,,ORG,Cumulus Media,,,,,,544 Mulberry St,Fl 7,Macon,GA,312012770,,,2024-10-01,13720.00,0.00,Radio Advertising,,,,,,,,,,,,,,,,,,,,
SB21B,C00885947,500117927,,,ORG,Cumulus Media,,,,,,544 Mulberry St,Fl 7,Macon,GA,312012770,,,2024-10-01,9716.00,0.00,Radio Advertising,,,,,,,,,,,,,,,,,,,,
SB21B,C00885947,500117928,,,ORG,Cumulus Media,,,,,,544 Mulberry St,Fl 7,Macon,GA,312012770,,,2024-10-08,11130.00,0.00,Radio Advertising,,,,,,,,,,,,,,,,,,,,
SB21B,C00885947,500117929,,,ORG,Cumulus Media,,,,,,544 Mulberry St,Fl 7,Macon,GA,312012770,,,2024-10-09,5180.00,0.00,Radio Advertising,,,,,,,,,,,,,,,,,,,,
SB21B,C00885947,500117930,,,ORG,Cumulus Media,,,,,,544 Mulberry St,Fl 7,Macon,GA,312012770,,,2024-10-09,7000.00,0.00,Radio Advertising,,,,,,,,,,,,,,,,,,,,
SB21B,C00885947,500117931,,,ORG,Cumulus Media,,,,,,544 Mulberry St,Fl 7,Macon,GA,312012770,,,2024-10-09,24490.00,0.00,Radio Advertising,,,,,,,,,,,,,,,,,,,,
SB21B,C00885947,500125398,,,IND,,Czelada,Edward,,,,3302 N Van Dyke Rd,,Imlay City,MI,484448939,,,2024-10-01,4480.00,0.00,Radio Advertising,,,,,,,,,,,,,,,,,,,,
SB21B,C00885947,500117932,,,ORG,Davis Broadcasting,,,,,,1176 Satellite Blvd NW,,Suwanee,GA,300242881,,,2024-10-07,59720.00,0.00,Radio Advertising,,,,,,,,,,,,,,,,,,,,
SB21B,C00885947,500117933,,,ORG,Dick Broadcasting Company,,,,,,192 E Lewis St,,Greensboro,NC,274061459,,,2024-10-01,16560.00,0.00,Radio Advertising,,,,,,,,,,,,,,,,,,,,
SB21B,C00885947,500117934,,,ORG,Dick Broadcasting Company,,,,,,192 E Lewis St,,Greensboro,NC,274061459,,,2024-10-09,6120.00,0.00,Radio Advertising,,,,,,,,,,,,,,,,,,,,
SB21B,C00885947,500117935,,,ORG,Dodge Point Broadcasting,,,,,,PO Box 9,,Dodgeville,WI,535330009,,,2024-10-01,6816.00,0.00,Radio Advertising,,,,,,,,,,,,,,,,,,,,
SB21B,C00885947,500117936,,,ORG,Dodge Point Broadcasting,,,,,,PO Box 9,,Dodgeville,WI,535330009,,,2024-10-01,2928.00,0.00,Radio Advertising,,,,,,,,,,,,,,,,,,,,
SB21B,C00885947,500117937,,,ORG,Double R Communications,,,,,,3335 W 8th St,,Thatcher,AZ,855525414,,,2024-10-02,2726.00,0.00,Radio Advertising,,,,,,,,,,,,,,,,,,,,
SB21B,C00885947,500117938,,,ORG,Double R Communications,,,,,,3335 W 8th St,,Thatcher,AZ,855525414,,,2024-10-02,6500.00,0.00,Radio Advertising,,,,,,,,,,,,,,,,,,,,
SB21B,C00885947,500117939,,,ORG,Entravision Communications,,,,,,501 N 44th St,Ste 125,Phoenix,AZ,850086614,,,2024-10-03,102460.00,0.00,Radio Advertising,,,,,,,,,,,,,,,,,,,,
SB21B,C00885947,500117940,,,ORG,Entravision Communications,,,,,,501 N 44th St,Ste 125,Phoenix,AZ,850086614,,,2024-10-09,29770.00,0.00,Radio Advertising,,,,,,,,,,,,,,,,,,,,
SB21B,C00885947,500117942,,,ORG,Equinox Broadcasting Corporation,,,,,,101 Main St,,Johnson City,NY,137902427,,,2024-10-03,7100.00,0.00,Radio Advertising,,,,,,,,,,,,,,,,,,,,
SB21B,C00885947,500117943,,,ORG,Equinox Broadcasting Corporation,,,,,,101 Main St,,Johnson City,NY,137902427,,,2024-10-09,3670.00,0.00,Radio Advertising,,,,,,,,,,,,,,,,,,,,
SB21B,C00885947,500117944,,,ORG,Felix Corporation,,,,,,434 N BEJARANO St,# 2,Nogales,AZ,85621,,,2024-10-01,9940.00,0.00,Radio Advertising,,,,,,,,,,,,,,,,,,,,
SB21B,C00885947,500117945,,,ORG,Felix Corporation,,,,,,434 N BEJARANO St,# 2,Nogales,AZ,85621,,,2024-10-09,4270.00,0.00,Radio Advertising,,,,,,,,,,,,,,,,,,,,
SB21B,C00885947,500117946,,,ORG,First Media Radio LLC,,,,,,12714 E NC 97,,Rocky Mount,NC,27803,,,2024-10-01,14806.22,0.00,Radio Advertising,,,,,,,,,,,,,,,,,,,,
SB21B,C00885947,500117947,,,ORG,Foothills Radio Group,,,,,,PO Box 1678,,Lenoir,NC,286451678,,,2024-10-01,11360.00,0.00,Radio Advertising,,,,,,,,,,,,,,,,,,,,
SB21B,C00885947,500117948,,,ORG,Foothills Radio Group,,,,,,PO Box 1678,,Lenoir,NC,286451678,,,2024-10-09,4880.00,0.00,Radio Advertising,,,,,,,,,,,,,,,,,,,,
SB21B,C00885947,500117949,,,ORG,"Forever Media, Inc.",,,,,,123 Blaine Rd,,Brownsville,PA,154179330,,,2024-10-01,19567.00,0.00,Radio Advertising,,,,,,,,,,,,,,,,,,,,
SB21B,C00885947,500117950,,,ORG,"Forever Media, Inc.",,,,,,123 Blaine Rd,,Brownsville,PA,154179330,,,2024-10-01,23732.00,0.00,Radio Advertising,,,,,,,,,,,,,,,,,,,,
SB21B,C00885947,500117951,,,ORG,"Forever Media, Inc.",,,,,,123 Blaine Rd,,Brownsville,PA,154179330,,,2024-10-04,9350.00,0.00,Radio Advertising,,,,,,,,,,,,,,,,,,,,
SB21B,C00885947,500117952,,,ORG,"Forever Media, Inc.",,,,,,123 Blaine Rd,,Brownsville,PA,154179330,,,2024-10-04,6434.50,0.00,Radio Advertising,,,,,,,,,,,,,,,,,,,,
SB21B,C00885947,500117953,,,ORG,Forum Communications Inc.,,,,,,PO Box 80,,Otsego,MI,490780080,,,2024-10-01,5112.00,0.00,Radio Advertising,,,,,,,,,,,,,,,,,,,,
SB21B,C00885947,500117954,,,ORG,Forum Communications Inc.,,,,,,PO Box 80,,Otsego,MI,490780080,,,2024-10-02,2196.00,0.00,Radio Advertising,,,,,,,,,,,,,,,,,,,,
SB21B,C00885947,500117955,,,ORG,Gorilla Broadcasting LLC,,,,,,138 S Lee St,Ste A,Americus,GA,317093697,,,2024-10-01,7100.00,0.00,Radio Advertising,,,,,,,,,,,,,,,,,,,,
SB21B,C00885947,500117957,,,ORG,Hometown Broadcasting LLC,,,,,,N7502 Radio Rd,,Ripon,WI,549719231,,,2024-10-01,11606.40,0.00,Radio Advertising,,,,,,,,,,,,,,,,,,,,
SB21B,C00885947,500117958,,,ORG,Hometown Broadcasting LLC,,,,,,N7502 Radio Rd,,Ripon,WI,549719231,,,2024-10-03,4555.20,0.00,Radio Advertising,,,,,,,,,,,,,,,,,,,,
SB21B,C00885947,500117959,,,ORG,"Hulsen Media Services, LLC",,,,,,2400 Laramie Trl,,Austin,TX,787453664,,,2024-10-11,322338.58,0.00,Radio Advertising,,,,,,,,,,,,,,,,,,,,
SB21B,C00885947,500117960,,,ORG,iHeartMedia,,,,,,20882 Stone Oak Pkwy,,San Antonio,TX,782587460,,,2024-10-02,44150.00,0.00,Radio Advertising,,,,,,,,,,,,,,,,,,,,
SB21B,C00885947,500117961,,,ORG,iHeartMedia,,,,,,20882 Stone Oak Pkwy,,San Antonio,TX,782587460,,,2024-10-02,33898.00,0.00,Radio Advertising,,,,,,,,,,,,,,,,,,,,
SB21B,C00885947,500117962,,,ORG,iHeartMedia,,,,,,20882 Stone Oak Pkwy,,San Antonio,TX,782587460,,,2024-10-02,9520.00,0.00,Radio Advertising,,,,,,,,,,,,,,,,,,,,
SB21B,C00885947,500117963,,,ORG,iHeartMedia,,,,,,20882 Stone Oak Pkwy,,San Antonio,TX,782587460,,,2024-10-02,34850.00,0.00,Radio Advertising,,,,,,,,,,,,,,,,,,,,
SB21B,C00885947,500117964,,,ORG,iHeartMedia,,,,,,20882 Stone Oak Pkwy,,San Antonio,TX,782587460,,,2024-10-02,30580.00,0.00,Radio Advertising,,,,,,,,,,,,,,,,,,,,
SB21B,C00885947,500117965,,,ORG,iHeartMedia,,,,,,20882 Stone Oak Pkwy,,San Antonio,TX,782587460,,,2024-10-02,9384.00,0.00,Radio Advertising,,,,,,,,,,,,,,,,,,,,
SB21B,C00885947,500117966,,,ORG,iHeartMedia,,,,,,20882 Stone Oak Pkwy,,San Antonio,TX,782587460,,,2024-10-02,13532.00,0.00,Radio Advertising,,,,,,,,,,,,,,,,,,,,
SB21B,C00885947,500117967,,,ORG,iHeartMedia,,,,,,20882 Stone Oak Pkwy,,San Antonio,TX,782587460,,,2024-10-02,20340.00,0.00,Radio Advertising,,,,,,,,,,,,,,,,,,,,
SB21B,C00885947,500117968,,,ORG,iHeartMedia,,,,,,20882 Stone Oak Pkwy,,San Antonio,TX,782587460,,,2024-10-02,1580.00,0.00,Radio Advertising,,,,,,,,,,,,,,,,,,,,
SB21B,C00885947,500117969,,,ORG,iHeartMedia,,,,,,20882 Stone Oak Pkwy,,San Antonio,TX,782587460,,,2024-10-02,14611.50,0.00,Radio Advertising,,,,,,,,,,,,,,,,,,,,
SB21B,C00885947,500117970,,,ORG,iHeartMedia,,,,,,20882 Stone Oak Pkwy,,San Antonio,TX,782587460,,,2024-10-02,8177.00,0.00,Radio Advertising,,,,,,,,,,,,,,,,,,,,
SB21B,C00885947,500117971,,,ORG,iHeartMedia,,,,,,20882 Stone Oak Pkwy,,San Antonio,TX,782587460,,,2024-10-07,3842.00,0.00,Radio Advertising,,,,,,,,,,,,,,,,,,,,
SB21B,C00885947,500117972,,,ORG,iHeartMedia,,,,,,20882 Stone Oak Pkwy,,San Antonio,TX,782587460,,,2024-10-07,3468.00,0.00,Radio Advertising,,,,,,,,,,,,,,,,,,,,
SB21B,C00885947,500117973,,,ORG,iHeartMedia,,,,,,20882 Stone Oak Pkwy,,San Antonio,TX,782587460,,,2024-10-07,9775.00,0.00,Radio Advertising,,,,,,,,,,,,,,,,,,,,
SB21B,C00885947,500117974,,,ORG,iHeartMedia,,,,,,20882 Stone Oak Pkwy,,San Antonio,TX,782587460,,,2024-10-07,2949.50,0.00,Radio Advertising,,,,,,,,,,,,,,,,,,,,
SB21B,C00885947,500117975,,,ORG,iHeartMedia,,,,,,20882 Stone Oak Pkwy,,San Antonio,TX,782587460,,,2024-10-07,12155.00,0.00,Radio Advertising,,,,,,,,,,,,,,,,,,,,
SB21B,C00885947,500117976,,,ORG,iHeartMedia,,,,,,20882 Stone Oak Pkwy,,San Antonio,TX,782587460,,,2024-10-07,5291.25,0.00,Radio Advertising,,,,,,,,,,,,,,,,,,,,
SB21B,C00885947,500117977,,,ORG,iHeartMedia,,,,,,20882 Stone Oak Pkwy,,San Antonio,TX,782587460,,,2024-10-07,3808.00,0.00,Radio Advertising,,,,,,,,,,,,,,,,,,,,
SB21B,C00885947,500117978,,,ORG,iHeartMedia,,,,,,20882 Stone Oak Pkwy,,San Antonio,TX,782587460,,,2024-10-09,14300.00,0.00,Radio Advertising,,,,,,,,,,,,,,,,,,,,
SB21B,C00885947,500117979,,,ORG,iHeartMedia,,,,,,20882 Stone Oak Pkwy,,San Antonio,TX,782587460,,,2024-10-09,8830.00,0.00,Radio Advertising,,,,,,,,,,,,,,,,,,,,
SB21B,C00885947,500117980,,,ORG,iHeartMedia,,,,,,20882 Stone Oak Pkwy,,San Antonio,TX,782587460,,,2024-10-09,6750.00,0.00,Radio Advertising,,,,,,,,,,,,,,,,,,,,
SB21B,C00885947,500117981,,,ORG,iHeartMedia,,,,,,20882 Stone Oak Pkwy,,San Antonio,TX,782587460,,,2024-10-09,2860.00,0.00,Radio Advertising,,,,,,,,,,,,,,,,,,,,
SB21B,C00885947,500117982,,,ORG,Kemp Broadcasting,,,,,,3999 Las Vegas Blvd S,Ste K,Las Vegas,NV,891191097,,,2024-10-01,20180.00,0.00,Radio Advertising,,,,,,,,,,,,,,,,,,,,
SB21B,C00885947,500117983,,,ORG,Kemp Broadcasting,,,,,,3999 Las Vegas Blvd S,Ste K,Las Vegas,NV,891191097,,,2024-10-03,6350.00,0.00,Radio Advertising,,,,,,,,,,,,,,,,,,,,
SB21B,C00885947,500117984,,,ORG,Kemp Broadcasting,,,,,,3999 Las Vegas Blvd S,Ste K,Las Vegas,NV,891191097,,,2024-10-08,8090.00,0.00,Radio Advertising,,,,,,,,,,,,,,,,,,,,
SB21B,C00885947,500117985,,,ORG,Kemp Broadcasting,,,,,,3999 Las Vegas Blvd S,Ste K,Las Vegas,NV,891191097,,,2024-10-10,9720.00,0.00,Radio Advertising,,,,,,,,,,,,,,,,,,,,
SB21B,C00885947,500117986,,,ORG,Krol Communications,,,,,,103 N Washington St,,Owosso,MI,488672819,,,2024-10-01,25466.00,0.00,Radio Advertising,,,,,,,,,,,,,,,,,,,,
SB21B,C00885947,500117987,,,ORG,Krol Communications,,,,,,103 N Washington St,,Owosso,MI,488672819,,,2024-10-09,7435.50,0.00,Radio Advertising,,,,,,,,,,,,,,,,,,,,
SB21B,C00885947,500117988,,,ORG,Latitude Media LLC,,,,,,4895 E Wing Rd,,Mount Pleasant,MI,488587057,,,2024-10-01,7952.00,0.00,Radio Advertising,,,,,,,,,,,,,,,,,,,,
SB21B,C00885947,500117989,,,ORG,Latitude Media LLC,,,,,,4895 E Wing Rd,,Mount Pleasant,MI,488587057,,,2024-10-01,3416.00,0.00,Radio Advertising,,,,,,,,,,,,,,,,,,,,
SB21B,C00885947,500117990,,,ORG,Lenawee Broadcasting Company,,,,,,PO Box 687,,Adrian,MI,492210687,,,2024-10-01,8930.56,0.00,Radio Advertising,,,,,,,,,,,,,,,,,,,,
SB21B,C00885947,500117991,,,ORG,Lenawee Broadcasting Company,,,,,,PO Box 687,,Adrian,MI,492210687,,,2024-10-01,8930.56,0.00,Radio Advertising,,,,,,,,,,,,,,,,,,,,
SB21B,C00885947,500117992,,,ORG,Lenawee Broadcasting Company,,,,,,PO Box 687,,Adrian,MI,492210687,,,2024-10-09,3557.44,0.00,Radio Advertising,,,,,,,,,,,,,,,,,,,,
SB21B,C00885947,500117993,,,ORG,Lenawee Broadcasting Company,,,,,,PO Box 687,,Adrian,MI,492210687,,,2024-10-09,3557.44,0.00,Radio Advertising,,,,,,,,,,,,,,,,,,,,
SB21B,C00885947,500117994,,,ORG,Magnum Communications,,,,,,PO Box 400,,Portage,WI,539010400,,,2024-10-04,45818.00,0.00,Radio Advertising,,,,,,,,,,,,,,,,,,,,
SB21B,C00885947,500117995,,,ORG,Maximum Impact Communications,,,,,,103 W Highland St,,Avis,PA,177219090,,,2024-10-01,9940.00,0.00,Radio Advertising,,,,,,,,,,,,,,,,,,,,
SB21B,C00885947,500117996,,,ORG,Maximum Impact Communications,,,,,,103 W Highland St,,Avis,PA,177219090,,,2024-10-03,4270.00,0.00,Radio Advertising,,,,,,,,,,,,,,,,,,,,
SB21B,C00885947,500117997,,,ORG,Mid-Atlantic Broadcasting,,,,,,123 Main St,,Wellsboro,PA,169011414,,,2024-10-01,3673.24,0.00,Radio Advertising,,,,,,,,,,,,,,,,,,,,
SB21B,C00885947,500117998,,,ORG,Mid-Atlantic Broadcasting,,,,,,123 Main St,,Wellsboro,PA,169011414,,,2024-10-09,928.42,0.00,Radio Advertising,,,,,,,,,,,,,,,,,,,,
SB21B,C00885947,500117999,,,ORG,"Mid-West Management, Inc.",,,,,,730 Rayovac Dr,,Madison,WI,53711,,,2024-10-01,25600.00,0.00,Radio Advertising,,,,,,,,,,,,,,,,,,,,
SB21B,C00885947,500118000,,,ORG,"Mid-West Management, Inc.",,,,,,730 Rayovac Dr,,Madison,WI,53711,,,2024-10-09,9917.00,0.00,Radio Advertising,,,,,,,,,,,,,,,,,,,,
SB21B,C00885947,500118001,,,ORG,Midwest Communications,,,,,,1420 Bellevue St,,Green Bay,WI,543115649,,,2024-10-04,30940.00,0.00,Radio Advertising,,,,,,,,,,,,,,,,,,,,
SB21B,C00885947,500118002,,,ORG,Midwest Family Broadcasting,,,,,,580 E Napier Ave,,Benton Harbor,MI,490225816,,,2024-10-09,9917.00,0.00,Radio Advertising,,,,,,,,,,,,,,,,,,,,
SB21B,C00885947,500118003,,,ORG,"Movement Labs, LLC",,,,,,2045 W Grand Ave,,Chicago,IL,606121576,,,2024-10-15,569622.08,0.00,Radio Advertising,,,,,,,,,,,,,,,,,,,,
SB21B,C00885947,500118004,,,ORG,Muirfield Broadcasting,,,,,,200 Short St,,Southern Pines,NC,283876289,,,2024-10-01,9434.00,0.00,Radio Advertising,,,,,,,,,,,,,,,,,,,,
SB21B,C00885947,500118005,,,ORG,Muirfield Broadcasting,,,,,,200 Short St,,Southern Pines,NC,283876289,,,2024-10-09,3887.00,0.00,Radio Advertising,,,,,,,,,,,,,,,,,,,,
SB21B,C00885947,500118006,,,ORG,New Age Communications,,,,,,3012 Highwoods Blvd,Ste 201,Raleigh,NC,276041031,,,2024-10-01,13308.00,0.00,Radio Advertising,,,,,,,,,,,,,,,,,,,,
SB21B,C00885947,500118007,,,ORG,New Age Communications,,,,,,3012 Highwoods Blvd,Ste 201,Raleigh,NC,276041031,,,2024-10-03,4458.00,0.00,Radio Advertising,,,,,,,,,,,,,,,,,,,,
SB21B,C00885947,500118008,,,ORG,New Radio Incorporated,,,,,,30 N 18th Ave,Ste 8,Sturgeon Bay,WI,542353207,,,2024-10-01,5218.50,0.00,Radio Advertising,,,,,,,,,,,,,,,,,,,,
SB21B,C00885947,500118009,,,ORG,New Radio Incorporated,,,,,,30 N 18th Ave,Ste 8,Sturgeon Bay,WI,542353207,,,2024-10-01,5218.50,0.00,Radio Advertising,,,,,,,,,,,,,,,,,,,,
SB21B,C00885947,500118010,,,ORG,New Radio Incorporated,,,,,,30 N 18th Ave,Ste 8,Sturgeon Bay,WI,542353207,,,2024-10-01,5218.50,0.00,Radio Advertising,,,,,,,,,,,,,,,,,,,,
SB21B,C00885947,500118011,,,ORG,New Radio Incorporated,,,,,,30 N 18th Ave,Ste 8,Sturgeon Bay,WI,542353207,,,2024-10-01,5218.50,0.00,Radio Advertising,,,,,,,,,,,,,,,,,,,,
SB21B,C00885947,500118012,,,ORG,New Radio Incorporated,,,,,,30 N 18th Ave,Ste 8,Sturgeon Bay,WI,542353207,,,2024-10-03,2241.75,0.00,Radio Advertising,,,,,,,,,,,,,,,,,,,,
SB21B,C00885947,500118013,,,ORG,New Radio Incorporated,,,,,,30 N 18th Ave,Ste 8,Sturgeon Bay,WI,542353207,,,2024-10-03,2241.75,0.00,Radio Advertising,,,,,,,,,,,,,,,,,,,,
SB21B,C00885947,500118014,,,ORG,New Radio Incorporated,,,,,,30 N 18th Ave,Ste 8,Sturgeon Bay,WI,542353207,,,2024-10-03,2241.75,0.00,Radio Advertising,,,,,,,,,,,,,,,,,,,,
SB21B,C00885947,500118015,,,ORG,New Radio Incorporated,,,,,,30 N 18th Ave,Ste 8,Sturgeon Bay,WI,542353207,,,2024-10-03,2241.75,0.00,Radio Advertising,,,,,,,,,,,,,,,,,,,,
SB21B,C00885947,500118016,,,ORG,New Star Broadcasting,,,,,,PO Box 2770,,Show Low,AZ,859022770,,,2024-10-09,1464.00,0.00,Radio Advertising,,,,,,,,,,,,,,,,,,,,
SB21B,C00885947,500118017,,,ORG,NGP,,,,,,655 15th St NW,Ste 650,Washington,DC,200055738,,,2024-10-07,1250.00,0.00,Software,,,,,,,,,,,,,,,,,,,,
SB21B,C00885947,500118018,,,ORG,Oconee Radio Group,,,,,,1011 Founders Row,,Greensboro,GA,306427449,,,2024-10-07,6191.50,0.00,Radio Advertising,,,,,,,,,,,,,,,,,,,,
SB21B,C00885947,500118019,,,ORG,Oconee Radio Group,,,,,,1011 Founders Row,,Greensboro,GA,306427449,,,2024-10-08,4263.00,0.00,Radio Advertising,,,,,,,,,,,,,,,,,,,,
SB21B,C00885947,500118020,,,ORG,Perry Broadcasting of Augusta,,,,,,6025 Broadcast Dr,,North Augusta,SC,298419406,,,2024-10-01,5520.00,0.00,Radio Advertising,,,,,,,,,,,,,,,,,,,,
SB21B,C00885947,500118021,,,ORG,Petracom of Holbrook,,,,,,1838 Commerce Dr,Ste A,Lakeside,AZ,859297008,,,2024-10-01,5850.40,0.00,Radio Advertising,,,,,,,,,,,,,,,,,,,,
SB21B,C00885947,500118022,,,ORG,Petracom of Holbrook,,,,,,1838 Commerce Dr,Ste A,Lakeside,AZ,859297008,,,2024-10-01,5850.40,0.00,Radio Advertising,,,,,,,,,,,,,,,,,,,,
SB21B,C00885947,500118023,,,ORG,Petracom of Holbrook,,,,,,1838 Commerce Dr,Ste A,Lakeside,AZ,859297008,,,2024-10-01,5850.40,0.00,Radio Advertising,,,,,,,,,,,,,,,,,,,,
SB21B,C00885947,500118024,,,ORG,Petracom of Holbrook,,,,,,1838 Commerce Dr,Ste A,Lakeside,AZ,859297008,,,2024-10-09,2513.20,0.00,Radio Advertising,,,,,,,,,,,,,,,,,,,,
SB21B,C00885947,500118025,,,ORG,Petracom of Holbrook,,,,,,1838 Commerce Dr,Ste A,Lakeside,AZ,859297008,,,2024-10-09,2513.20,0.00,Radio Advertising,,,,,,,,,,,,,,,,,,,,
SB21B,C00885947,500118026,,,ORG,Petracom of Holbrook,,,,,,1838 Commerce Dr,Ste A,Lakeside,AZ,859297008,,,2024-10-09,2513.20,0.00,Radio Advertising,,,,,,,,,,,,,,,,,,,,
SB21B,C00885947,500118031,,,ORG,Radio Fiesta LLC,,,,,,PO Box 84,,Jerome,ID,833380084,,,2024-10-03,14210.00,0.00,Radio Advertising,,,,,,,,,,,,,,,,,,,,
SB21B,C00885947,500118032,,,ORG,"Radio Plus, Inc.",,,,,,210 S Main St,,Fond Du Lac,WI,549354908,,,2024-10-01,10042.24,0.00,Radio Advertising,,,,,,,,,,,,,,,,,,,,
SB21B,C00885947,500118033,,,ORG,"Radio Plus, Inc.",,,,,,210 S Main St,,Fond Du Lac,WI,549354908,,,2024-10-03,4313.92,0.00,Radio Advertising,,,,,,,,,,,,,,,,,,,,
SB21B,C00885947,500118034,,,ORG,"RadioJones, LLC",,,,,,PO Box 86,,Avondale Estates,GA,300020086,,,2024-10-01,5112.00,0.00,Radio Advertising,,,,,,,,,,,,,,,,,,,,
SB21B,C00885947,500118035,,,ORG,"RadioJones, LLC",,,,,,PO Box 86,,Avondale Estates,GA,300020086,,,2024-10-09,2196.00,0.00,Radio Advertising,,,,,,,,,,,,,,,,,,,,
SB21B,C00885947,500118036,,,ORG,"Rim Country Media, Inc.",,,,,,PO Box 2770,,Show Low,AZ,859022770,,,2024-10-01,3408.00,0.00,Radio Advertising,,,,,,,,,,,,,,,,,,,,
SB21B,C00885947,500118037,,,ORG,"River Rat Radio, LLC",,,,,,2250 Mcculloch Blvd N,Ste J,Lake Havasu City,AZ,864035988,,,2024-10-01,40832.00,0.00,Radio Advertising,,,,,,,,,,,,,,,,,,,,
SB21B,C00885947,500118038,,,ORG,Sanilac Broadcasting Company,,,,,,19 S Elk St,,Sandusky,MI,484711353,,,2024-10-01,3277.36,0.00,Radio Advertising,,,,,,,,,,,,,,,,,,,,
SB21B,C00885947,500118039,,,ORG,Sanilac Broadcasting Company,,,,,,19 S Elk St,,Sandusky,MI,484711353,,,2024-10-01,3277.36,0.00,Radio Advertising,,,,,,,,,,,,,,,,,,,,
SB21B,C00885947,500118040,,,ORG,Sanilac Broadcasting Company,,,,,,19 S Elk St,,Sandusky,MI,484711353,,,2024-10-01,1407.88,0.00,Radio Advertising,,,,,,,,,,,,,,,,,,,,
SB21B,C00885947,500118041,,,ORG,Sanilac Broadcasting Company,,,,,,19 S Elk St,,Sandusky,MI,484711353,,,2024-10-01,1407.88,0.00,Radio Advertising,,,,,,,,,,,,,,,,,,,,
SB21B,C00885947,500118042,,,ORG,Seven Mountains Media,,,,,,2551 Park Center Blvd,,State College,PA,168013007,,,2024-10-01,11526.00,0.00,Radio Advertising,,,,,,,,,,,,,,,,,,,,
SB21B,C00885947,500118043,,,ORG,Seven Mountains Media,,,,,,2551 Park Center Blvd,,State College,PA,168013007,,,2024-10-01,11662.00,0.00,Radio Advertising,,,,,,,,,,,,,,,,,,,,
SB21B,C00885947,500118044,,,ORG,Seven Mountains Media,,,,,,2551 Park Center Blvd,,State College,PA,168013007,,,2024-10-01,11390.00,0.00,Radio Advertising,,,,,,,,,,,,,,,,,,,,
SB21B,C00885947,500118045,,,ORG,Seven Mountains Media,,,,,,2551 Park Center Blvd,,State College,PA,168013007,,,2024-10-01,17561.00,0.00,Radio Advertising,,,,,,,,,,,,,,,,,,,,
SB21B,C00885947,500118046,,,ORG,Seven Mountains Media,,,,,,2551 Park Center Blvd,,State College,PA,168013007,,,2024-10-01,12869.00,0.00,Radio Advertising,,,,,,,,,,,,,,,,,,,,
SB21B,C00885947,500118047,,,ORG,Seven Mountains Media,,,,,,2551 Park Center Blvd,,State College,PA,168013007,,,2024-10-01,18360.00,0.00,Radio Advertising,,,,,,,,,,,,,,,,,,,,
SB21B,C00885947,500118048,,,ORG,Seven Mountains Media,,,,,,2551 Park Center Blvd,,State College,PA,168013007,,,2024-10-01,13872.00,0.00,Radio Advertising,,,,,,,,,,,,,,,,,,,,
SB21B,C00885947,500118049,,,ORG,Seven Mountains Media,,,,,,2551 Park Center Blvd,,State College,PA,168013007,,,2024-10-03,3485.00,0.00,Radio Advertising,,,,,,,,,,,,,,,,,,,,
SB21B,C00885947,500118050,,,ORG,Seven Mountains Media,,,,,,2551 Park Center Blvd,,State College,PA,168013007,,,2024-10-03,3825.00,0.00,Radio Advertising,,,,,,,,,,,,,,,,,,,,
SB21B,C00885947,500118051,,,ORG,Seven Mountains Media,,,,,,2551 Park Center Blvd,,State College,PA,168013007,,,2024-10-03,4165.00,0.00,Radio Advertising,,,,,,,,,,,,,,,,,,,,
SB21B,C00885947,500118052,,,ORG,Seven Mountains Media,,,,,,2551 Park Center Blvd,,State College,PA,168013007,,,2024-10-03,5916.00,0.00,Radio Advertising,,,,,,,,,,,,,,,,,,,,
SB21B,C00885947,500118053,,,ORG,Seven Mountains Media,,,,,,2551 Park Center Blvd,,State College,PA,168013007,,,2024-10-03,4692.00,0.00,Radio Advertising,,,,,,,,,,,,,,,,,,,,
SB21B,C00885947,500118054,,,ORG,Seven Mountains Media,,,,,,2551 Park Center Blvd,,State College,PA,168013007,,,2024-10-03,6417.50,0.00,Radio Advertising,,,,,,,,,,,,,,,,,,,,
SB21B,C00885947,500118055,,,ORG,Seven Mountains Media,,,,,,2551 Park Center Blvd,,State College,PA,168013007,,,2024-10-03,4683.50,0.00,Radio Advertising,,,,,,,,,,,,,,,,,,,,
SB21B,C00885947,500118056,,,ORG,St. Pier Group LLC,,,,,,2000 Tower Way,Ste 2040,Greensburg,PA,156015786,,,2024-10-07,5112.00,0.00,Radio Advertising,,,,,,,,,,,,,,,,,,,,
SB21B,C00885947,500118057,,,ORG,St. Pier Group LLC,,,,,,2000 Tower Way,Ste 2040,Greensburg,PA,156015786,,,2024-10-07,7760.00,0.00,Radio Advertising,,,,,,,,,,,,,,,,,,,,
SB21B,C00885947,500118058,,,ORG,Studio Lake,,,,,,285 Alpine Drive,,Anmore BC V3H 4Z2 Canada,ZZ,00000,,,2024-10-10,1035.00,0.00,Web Development,,,,,,,,,,,,,,,,,,,,
SB21B,C00885947,500118059,,,ORG,Times Shamrock Media,,,,,,149 Penn Ave,,Scranton,PA,185032055,,,2024-10-01,16400.00,0.00,Radio Advertising,,,,,,,,,,,,,,,,,,,,
SB21B,C00885947,500118060,,,ORG,Times Shamrock Media,,,,,,149 Penn Ave,,Scranton,PA,185032055,,,2024-10-03,5720.00,0.00,Radio Advertising,,,,,,,,,,,,,,,,,,,,
SB21B,C00885947,500118061,,,ORG,Tomsun Media LLC,,,,,,PO Box 270526,,Hartford,WI,530270526,,,2024-10-01,12212.00,0.00,Radio Advertising,,,,,,,,,,,,,,,,,,,,
SB21B,C00885947,500118062,,,ORG,Tomsun Media LLC,,,,,,PO Box 270526,,Hartford,WI,530270526,,,2024-10-09,5246.00,0.00,Radio Advertising,,,,,,,,,,,,,,,,,,,,
SB21B,C00885947,500118063,,,ORG,"Townsquare Media, Inc.",,,,,,PO Box 2620,,Thatcher,AZ,855522620,,,2024-10-01,7848.00,0.00,Radio Advertising,,,,,,,,,,,,,,,,,,,,
SB21B,C00885947,500118064,,,ORG,"Townsquare Media, Inc.",,,,,,PO Box 2620,,Thatcher,AZ,855522620,,,2024-10-09,1980.00,0.00,Radio Advertising,,,,,,,,,,,,,,,,,,,,
SB21B,C00885947,500118065,,,ORG,"Townsquare Media, Inc.",,,,,,PO Box 2620,,Thatcher,AZ,855522620,,,2024-10-09,14520.00,0.00,Radio Advertising,,,,,,,,,,,,,,,,,,,,
SB21B,C00885947,500118066,,,ORG,UPOD Radio LLC,,,,,,234 Union St,,Millersburg,PA,170611607,,,2024-10-10,16119.00,0.00,Radio Advertising,,,,,,,,,,,,,,,,,,,,
SB21B,C00885947,500118067,,,ORG,"WATZ Radio, Inc.",,,,,,314 E Front St,,Traverse City,MI,496842528,,,2024-10-01,23252.00,0.00,Radio Advertising,,,,,,,,,,,,,,,,,,,,
SB21B,C00885947,500118068,,,ORG,"WATZ Radio, Inc.",,,,,,314 E Front St,,Traverse City,MI,496842528,,,2024-10-08,9326.00,0.00,Radio Advertising,,,,,,,,,,,,,,,,,,,,
SB21B,C00885947,500118069,,,ORG,Woodward Communications,,,,,,2800 E College Ave,,Appleton,WI,549153255,,,2024-10-03,22796.00,0.00,Radio Advertising,,,,,,,,,,,,,,,,,,,,
SB21B,C00885947,500118070,,,ORG,Woodward Communications,,,,,,2800 E College Ave,,Appleton,WI,549153255,,,2024-10-09,7010.00,0.00,Radio Advertising,,,,,,,,,,,,,,,,,,,,
SB21B,C00885947,500118071,,,ORG,"WRIG, Inc.",,,,,,557 Scott St,,Wausau,WI,544034829,,,2024-10-02,16720.00,0.00,Radio Advertising,,,,,,,,,,,,,,,,,,,,
SB21B,C00885947,500118072,,,ORG,"WRIG, Inc.",,,,,,557 Scott St,,Wausau,WI,544034829,,,2024-10-09,6520.00,0.00,Radio Advertising,,,,,,,,,,,,,,,,,,,,
SB21B,C00885947,500118073,,,ORG,"WSJM, Inc.",,,,,,580 E Napier Ave,,Benton Harbor,MI,490225816,,,2024-10-01,25604.00,0.00,Radio Advertising,,,,,,,,,,,,,,,,,,,,
