form_type,filer_committee_id_number,transaction_id_number,back_reference_tran_id_number,back_reference_sched_name,entity_type,payee_organization_name,payee_last_name,payee_first_name,payee_middle_name,payee_prefix,payee_suffix,payee_street_1,payee_street_2,payee_city,payee_state,payee_zip_code,election_code,election_other_description,dissemination_date,expenditure_amount,disbursement_date,calendar_y_t_d_per_election_office,expenditure_purpose_descrip,category_code,payee_cmtte_fec_id_number,support_oppose_code,candidate_id_number,candidate_last_name,candidate_first_name,candidate_middle_name,candidate_prefix,candidate_suffix,candidate_office,candidate_district,candidate_state,completing_last_name,completing_first_name,completing_middle_name,completing_prefix,completing_suffix,date_signed,memo_code,memo_text_description
SE,C00365536,500450838,,,ORG,Creative Print Group,,,,,,1560 Caton Center Dr,,Halethorpe,MD,212271556,G2024,,2024-08-21,5676.06,2024-08-16,10676.06,T-Shirts - Actual cost of estimate reported 8/23,004,,S,P80000722,HARRIS,KAMALA,,,,P,,US,Tinsmon,Cassandra,,,,2024-10-20,
SE,C00365536,500452371,,,ORG,K. Squared Media LLC,,,,,,PO Box 56276,,Chicago,IL,606560242,G2024,,2024-09-03,168150.00,2024-08-26,293150.00,Television Ad Buy - Estimate,004,,S,S4AZ00139,GALLEGO,RUBEN,,,,S,,AZ,Tinsmon,Cassandra,,,,2024-10-20,
SE,C00365536,500450835,,,ORG,NEWCO Public Affairs Strategies,,,,,,1701 Pennsylvania Ave NW,Ste 200,Washington,DC,200065823,G2024,,2024-08-21,5000.00,2024-08-16,10676.06,Posters - Estimate,004,,S,P80000722,HARRIS,KAMALA,,,,P,,US,Tinsmon,Cassandra,,,,2024-10-20,
SE,C00365536,500452372,,,ORG,Uplift,,,,,,2120 University Ave,,Berkeley,CA,947041026,G2024,,2024-09-03,112500.00,2024-08-30,293150.00,Digital Ad Buy - Estimate,004,,S,S4AZ00139,GALLEGO,RUBEN,,,,S,,AZ,Tinsmon,Cassandra,,,,2024-10-20,
SE,C00365536,500452373,,,ORG,Uplift,,,,,,2120 University Ave,,Berkeley,CA,947041026,G2024,,2024-09-03,12500.00,2024-08-30,293150.00,Digital Ad Buy - Estimate,004,,O,S4AZ00220,LAKE,KARI,,,,S,,AZ,Tinsmon,Cassandra,,,,2024-10-20,
