form_type,filer_committee_id_number,transaction_id_number,back_reference_tran_id_number,back_reference_sched_name,entity_type,payee_organization_name,payee_last_name,payee_first_name,payee_middle_name,payee_prefix,payee_suffix,payee_street_1,payee_street_2,payee_city,payee_state,payee_zip_code,election_code,election_other_description,expenditure_date,expenditure_amount,semi_annual_refunded_bundled_amt,expenditure_purpose_descrip,category_code,beneficiary_committee_fec_id,beneficiary_committee_name,beneficiary_candidate_fec_id,beneficiary_candidate_last_name,beneficiary_candidate_first_name,beneficiary_candidate_middle_name,beneficiary_candidate_prefix,beneficiary_candidate_suffix,beneficiary_candidate_office,beneficiary_candidate_state,beneficiary_candidate_district,conduit_name,conduit_street_1,conduit_street_2,conduit_city,conduit_state,conduit_zip_code,memo_code,memo_text_description,reference_to_si_or_sl_system_code_that_identifies_the_account
SB21B,C00754051,B838420,,,ORG,Local 30 UNITE HERE,,,,,,1940 5th Avenue Suite 200,,San Diego,CA,92101,O2023,Not Applicable,2023-01-05,1274.92,,Staff Salary & Expenses,001,,,,,,,,,,, ,,,,,,,,
SB21B,C00754051,B838627,,,ORG,UNITE HERE Local 2,,,,,,209 Golden Gate Avenue,,San Francisco,CA,94102,O2022,Not Applicable,2023-01-17,2415.42,,Staff Salary & Expenses,001,,,,,,,,,,, ,,,,,,,,
SB21B,C00754051,B838350,,,ORG,Travelers Haven,,,,,,950 S Cherry Street Suite 1000,,Denver,CO,80246,O2023,Not Applicable,2023-01-03,1271.32,,Staff Lodging,001,,,,,,,,,,, ,,,,,,,,
SB21B,C00754051,B838412,,,ORG,UNITE HERE Local 217,,,,,,425 College Street,,New Haven,CT,06511,O2023,Not Applicable,2023-01-05,5621.64,,Staff Salary & Expenses,011,,,,,,,,,,, ,,,,,,,,
SB21B,C00754051,B838413,,,ORG,UNITE HERE Local 34,,,,,,425 College Street 2nd Floor,,New Haven,CT,06511,O2023,Not Applicable,2023-01-05,553.95,,Staff Salary & Expenses,011,,,,,,,,,,, ,,,,,,,,
SB21B,C00754051,B838414,,,ORG,UNITE HERE Local 35,,,,,,425 College Street,,New Haven,CT,06511,O2023,Not Applicable,2023-01-05,2446.49,,Staff Salary & Expenses,011,,,,,,,,,,, ,,,,,,,,
SB21B,C00754051,B844075,,,ORG,UNITE HERE Local 217,,,,,,425 College Street,,New Haven,CT,06511,O2023,Not Applicable,2023-03-27,237.62,,Staff Travel,011,,,,,,,,,,, ,,,,,,,,
SB21B,C00754051,B848278,,,ORG,Bergmann Zwerdling Direct,,,,,,1350 Connecticut Avenue NW #400,,Washington,DC,20036,O2023,Not Applicable,2023-06-05,2330.00,,Administrative Printing,001,,,,,,,,,,, ,,,,,,,,
SB21B,C00754051,B847274,,,ORG,La Quinta Inn & Suites by Wyndham Columbus,,,,,,1711 Rollins Way,,Columbus,GA,31904,O2023,Not Applicable,2023-05-23,3180.72,,Staff Lodging,001,,,,,,,,,,, ,,,,,,,,
SB21B,C00754051,B838552,,,ORG,Diner's Club,,,,,,P.O. Box 5732,,Carol Stream,IL,60197,O2023,Not Applicable,2023-01-12,23840.96,,Staff Travel,001,,,,,,,,,,, ,,,,,,,,
SB21B,C00754051,B825997,,,ORG,Diner's Club,,,,,,P.O. Box 5732,,Carol Stream,IL,60197,O2022,Not Applicable,2023-01-12,-3539.61,,Administrative Travel,001,,,,,,,,,,, ,,,,,,,,Voided: Original check dated 08/16/22
SB21B,C00754051,B825998,,,ORG,Diner's Club,,,,,,P.O. Box 5732,,Carol Stream,IL,60197,O2022,Not Applicable,2023-01-12,-10618.84,,Administrative Travel,001,,,,,,,,,,, ,,,,,,,,Voided: Original check dated 08/16/22
SB21B,C00754051,B849173,,,ORG,Diner's Club,,,,,,P.O. Box 5732,,Carol Stream,IL,60197,O2023,Not Applicable,2023-06-15,1997.08,,Staff Travel,001,,,,,,,,,,, ,,,,,,,,
SB21B,C00754051,B839565,,,ORG,Bank of Labor,,,,,,756 Minnesota Ave,,Kansas City,KS,66101,O2023,Not Applicable,2023-01-18,204.00,,Bank Service Charge,001,,,,,,,,,,, ,,,,,,,,
SB21B,C00754051,B841291,,,ORG,Bank of Labor,,,,,,756 Minnesota Ave,,Kansas City,KS,66101,O2023,Not Applicable,2023-02-16,85.00,,Bank Service Charge,001,,,,,,,,,,, ,,,,,,,,
SB21B,C00754051,B840894,,,ORG,Bank of Labor,,,,,,756 Minnesota Ave,,Kansas City,KS,66101,O2023,Not Applicable,2023-02-23,13133.30,,Credit Card Payment-Itemized Below,001,,,,,,,,,,, ,,,,,,,,
SB21B,C00754051,B840894A,,,ORG,Patriot Parking,,,,,,2215 Walnut Street,,Philadelphia,PA,19103,O2023,Not Applicable,2023-02-23,-355.00,,Parking Refund,001,,,,,,,,,,, ,,,,,,,X,
SB21B,C00754051,B840894B,,,ORG,Cubesmart,,,,,,5 Old Lancaster Road,,Malvern,PA,19355,O2023,Not Applicable,2023-02-23,302.18,,Storage Fee,001,,,,,,,,,,, ,,,,,,,X,
SB21B,C00754051,B840894C,,,ORG,AT&T,,,,,,208 S. Akard Street,Suite 2954,Dallas,TX,75202,O2023,Not Applicable,2023-02-23,9511.46,,Cell Phone Charges,001,,,,,,,,,,, ,,,,,,,X,
SB21B,C00754051,B840894D,,,ORG,Google,,,,,,1600 Amphitheater Parkway,,Mountain View,CA,94043,O2023,Not Applicable,2023-02-23,3363.12,,Software,001,,,,,,,,,,, ,,,,,,,X,
SB21B,C00754051,B840894E,,,ORG,Comcast,,,,,,1701 JFK Blvd,,Philadelphia,PA,19103,O2023,Not Applicable,2023-02-23,311.54,,Cable,001,,,,,,,,,,, ,,,,,,,X,
SB21B,C00754051,B840895,,,ORG,Bank of Labor,,,,,,756 Minnesota Ave,,Kansas City,KS,66101,O2023,Not Applicable,2023-02-23,500.00,,Credit Card Payment-Itemized Below,001,,,,,,,,,,, ,,,,,,,,
SB21B,C00754051,B840895A,,,ORG,Reach Progress PBC,,,,,,43-16 12th Street,,Long Island City,NY,11101,O2023,Not Applicable,2023-02-23,500.00,,Software,001,,,,,,,,,,, ,,,,,,,X,
SB21B,C00754051,B840905,,,ORG,Bank of Labor,,,,,,756 Minnesota Ave,,Kansas City,KS,66101,O2023,Not Applicable,2023-02-23,1947.04,,Credit Card Payment-Itemized Below,001,,,,,,,,,,, ,,,,,,,,
SB21B,C00754051,B840905A,,,ORG,Cubesmart,,,,,,5 Old Lancaster Road,,Malvern,PA,19355,O2023,Not Applicable,2023-02-23,302.18,,Storage Fee,001,,,,,,,,,,, ,,,,,,,X,
SB21B,C00754051,B840905B,,,ORG,Google,,,,,,1600 Amphitheater Parkway,,Mountain View,CA,94043,O2023,Not Applicable,2023-02-23,1644.86,,Software,001,,,,,,,,,,, ,,,,,,,X,
SB21B,C00754051,B845945,,,ORG,Bank of Labor,,,,,,756 Minnesota Ave,,Kansas City,KS,66101,O2023,Not Applicable,2023-03-16,130.00,,Bank Service Charge,001,,,,,,,,,,, ,,,,,,,,
SB21B,C00754051,B845946,,,ORG,Bank of Labor,,,,,,756 Minnesota Ave,,Kansas City,KS,66101,O2023,Not Applicable,2023-04-18,85.00,,Bank Service Charge,001,,,,,,,,,,, ,,,,,,,,
SB21B,C00754051,B848443,,,ORG,Bank of Labor,,,,,,756 Minnesota Ave,,Kansas City,KS,66101,O2023,Not Applicable,2023-05-16,50.00,,Bank Service Charge,001,,,,,,,,,,, ,,,,,,,,
SB21B,C00754051,B849306,,,ORG,Bank of Labor,,,,,,756 Minnesota Ave,,Kansas City,KS,66101,O2023,Not Applicable,2023-06-15,6544.18,,Credit Card Payment-Itemized Below,001,,,,,,,,,,, ,,,,,,,,
SB21B,C00754051,B849306A,,,ORG,Best Buy,,,,,,7601 Penn Avenue S,,Minneapolis,MN,55423,O2023,Not Applicable,2023-06-15,368.54,,Portable PA System,001,,,,,,,,,,, ,,,,,,,X,
SB21B,C00754051,B849306B,,,ORG,Brass Tap Restaurant,,,,,,5660 W Cypress Street,Suite A,Tampa,FL,33607,O2023,Not Applicable,2023-06-15,288.55,,Staff Meals,001,,,,,,,,,,, ,,,,,,,X,
SB21B,C00754051,B849306C,,,ORG,Buffalo Wild Wings,,,,,,5500 Wayzata Blvd,Suite 1600,Minneapolis,MN,55416,O2023,Not Applicable,2023-06-15,176.32,,Staff Meals,001,,,,,,,,,,, ,,,,,,,X,
SB21B,C00754051,B849306D,,,ORG,Courtyard Marriott,,,,,,10400 Fernwood Road,,Bethesda,MD,20817,O2023,Not Applicable,2023-06-15,457.02,,Staff Lodging,001,,,,,,,,,,, ,,,,,,,X,
SB21B,C00754051,B849306E,,,ORG,Crab Du Jour,,,,,,6320 Plantation Center Drive,,Raleigh,NC,27616,O2023,Not Applicable,2023-06-15,613.18,,Staff Meals,001,,,,,,,,,,, ,,,,,,,X,
SB21B,C00754051,B849306F,,,ORG,Cracker Barrel,,,,,,PO Box 787,,Lebanon,TN,37088,O2023,Not Applicable,2023-06-15,299.09,,Staff Meals,001,,,,,,,,,,, ,,,,,,,X,
SB21B,C00754051,B849306G,,,ORG,Fairfield Inn,,,,,,538 SW Corporate Drive,,Lake City,FL,32055,O2023,Not Applicable,2023-06-15,226.86,,Staff Lodging,001,,,,,,,,,,, ,,,,,,,X,
SB21B,C00754051,B849306H,,,ORG,Guitar Center,,,,,,5795 Lindero Canyon Road,,Westlake Village,CA,91362,O2023,Not Applicable,2023-06-15,478.02,,PA System,001,,,,,,,,,,, ,,,,,,,X,
SB21B,C00754051,B849306I,,,ORG,Home Depot,,,,,,2455 Paces Ferry Road NW,,Atlanta,GA,30339,O2023,Not Applicable,2023-06-15,150.72,,Rain Ponchos,001,,,,,,,,,,, ,,,,,,,X,
SB21B,C00754051,B849306J,,,ORG,Kickback Jacks Restaurant,,,,,,PO Box 10398,,Greensboro,NC,27408,O2023,Not Applicable,2023-06-15,487.38,,Staff Meals,001,,,,,,,,,,, ,,,,,,,X,
SB21B,C00754051,B849306K,,,ORG,Kroger,,,,,,1014 Vine Street,,Cincinatti,OH,45202,O2023,Not Applicable,2023-06-15,86.62,,Water,001,,,,,,,,,,, ,,,,,,,X,
SB21B,C00754051,B849306L,,,ORG,Lowes,,,,,,1000 Lowes Blvd,,Mooresville,NC,28117,O2023,Not Applicable,2023-06-15,11.19,,Office Supplies,001,,,,,,,,,,, ,,,,,,,X,
SB21B,C00754051,B849306M,,,ORG,Minute Key,,,,,,4760 Walnut Street,,Boulder,CO,80301,O2023,Not Applicable,2023-06-15,8.48,,Office Key Copy,001,,,,,,,,,,, ,,,,,,,X,
SB21B,C00754051,B849306N,,,ORG,Office Depot,,,,,,6600 North Military Trail,,Boca Raton,FL,33496,O2023,Not Applicable,2023-06-15,137.99,,Office Supplies,001,,,,,,,,,,, ,,,,,,,X,
SB21B,C00754051,B849306O,,,ORG,Office Max,,,,,,263 Shuman Blvd,,Naperville,IL,60563,O2023,Not Applicable,2023-06-15,138.22,,Office Supplies,001,,,,,,,,,,, ,,,,,,,X,
SB21B,C00754051,B849306P,,,ORG,Patron Mexican Restaurant,,,,,,1620 Newbury Road,Suite E,Newbury Park,CA,91302,O2023,Not Applicable,2023-06-15,140.59,,Staff Meals,001,,,,,,,,,,, ,,,,,,,X,
SB21B,C00754051,B849306Q,,,ORG,Sam's Club,,,,,,2101 SE Simple Savings Dr.,,Bentonville,AR,72712,O2023,Not Applicable,2023-06-15,2046.36,,Office Supplies,001,,,,,,,,,,, ,,,,,,,X,
SB21B,C00754051,B849306R,,,ORG,Target,,,,,,1000 Nicollet Mall,,Minneapolis,MN,55403,O2023,Not Applicable,2023-06-15,234.65,,Office Supplies,001,,,,,,,,,,, ,,,,,,,X,
SB21B,C00754051,B849306S,,,ORG,Walmart,,,,,,702 SW 8th Street,,Bentonville,AR,72716,O2023,Not Applicable,2023-06-15,194.40,,Office Supplies,001,,,,,,,,,,, ,,,,,,,X,
SB21B,C00754051,B850797,,,ORG,Bank of Labor,,,,,,756 Minnesota Ave,,Kansas City,KS,66101,O2023,Not Applicable,2023-06-16,25.00,,Bank Service Charge,001,,,,,,,,,,, ,,,,,,,,
SB21B,C00754051,B838554,,,ORG,UNITE HERE Local 26,,,,,,101 Station's Landing 4th Floor Ea,,Medford,MA,02155,O2023,Not Applicable,2023-01-12,790.56,,Staff Travel,011,,,,,,,,,,, ,,,,,,,,
SB21B,C00754051,B846846,,,ORG,UNITE HERE Local 26,,,,,,101 Station's Landing 4th Floor Ea,,Medford,MA,02155,O2023,Not Applicable,2023-05-16,715.43,,Administrative Staff Salary & Expenses ,011,,,,,,,,,,, ,,,,,,,,
SB21B,C00754051,B849531,,,ORG,ActBlue,,,,,,366 Summer Street,,Somerville,MA,02144,O2023,Not Applicable,2023-06-20,135.80,,Credit Card Processing Fee,001,,,,,,,,,,, ,,,,,,,,
SB21B,C00754051,B850576,,,ORG,ActBlue,,,,,,366 Summer Street,,Somerville,MA,02144,O2023,Not Applicable,2023-06-26,73.16,,Credit Card Processing Fee,001,,,,,,,,,,, ,,,,,,,,
SB21B,C00754051,B838570,,,ORG,Local 24 UNITE HERE,,,,,,300 River Place Drive Suite 2700,,Detroit,MI,48207,O2022,Not Applicable,2023-01-17,6373.11,,Staff Salary & Expenses,001,,,,,,,,,,, ,,,,,,,,
SB21B,C00754051,B838525,,,ORG,UNITE HERE Local 17,,,,,,312 Central Avenue SE Rm. 444,,Minneapolis,MN,55414,O2023,Not Applicable,2023-01-12,7510.71,,Staff Salary & Expenses,011,,,,,,,,,,, ,,,,,,,,
SB21B,C00754051,B838417,,,ORG,UNITE HERE Local 54,,,,,,1014 Atlantic Avenue,,Atlantic City,NJ,08401,O2023,Not Applicable,2023-01-05,16471.11,,Staff Salary & Expenses,001,,,,,,,,,,, ,,,,,,,,
SB21B,C00754051,B846528,,,ORG,Aloft Mount Laurel,,,,,,558 Fellowship Road,,Mount Laurel,NJ,08054,O2023,Not Applicable,2023-05-11,16162.13,,Staff Lodging,001,,,,,,,,,,, ,,,,,,,,
SB21B,C00754051,B846572,,,ORG,UNITE HERE Local 54,,,,,,1014 Atlantic Avenue,,Atlantic City,NJ,08401,O2023,Not Applicable,2023-05-13,9304.73,,Administrative Staff Salary & Expenses ,001,,,,,,,,,,, ,,,,,,,,
SB21B,C00754051,B850476,,,ORG,UNITE HERE Local 54,,,,,,1014 Atlantic Avenue,,Atlantic City,NJ,08401,O2023,Not Applicable,2023-06-29,4830.12,,Staff Travel,001,,,,,,,,,,, ,,,,,,,,
SB21B,C00754051,B838645,,,ORG,Culinary Workers' Union Local 226,,,,,,1630 South Commerce St.,,Las Vegas,NV,89102,O2023,Not Applicable,2023-01-17,224434.95,,Staff Salary & Expenses,011,,,,,,,,,,, ,,,,,,,,
SB21B,C00754051,B838684,,,ORG,Culinary Workers' Union Local 226,,,,,,1630 South Commerce St.,,Las Vegas,NV,89102,O2023,Not Applicable,2023-01-17,4960.30,,Staff Travel,011,,,,,,,,,,, ,,,,,,,,
SB21B,C00754051,B838723,,,ORG,Culinary Workers' Union Local 226,,,,,,1630 South Commerce St.,,Las Vegas,NV,89102,O2023,Not Applicable,2023-01-19,189496.67,,Travel and Expenses,011,,,,,,,,,,, ,,,,,,,,
SB21B,C00754051,B839421,,,ORG,Stratosphere Casino Hotel & Tower,,,,,,2000 South Las Vegas Blvd.,,Las Vegas,NV,89104,O2022,Not Applicable,2023-02-02,1219.08,,Staff Lodging,001,,,,,,,,,,, ,,,,,,,,
SB21B,C00754051,B839429,,,ORG,Hilton Garden Inn Reno,,,,,,9920 Double R Blvd,,Reno,NV,89521,O2023,Not Applicable,2023-02-02,809.82,,Staff Lodging,001,,,,,,,,,,, ,,,,,,,,
SB21B,C00754051,B840276,,,ORG,Caesars Entertainment Inc.,,,,,,1 Caesars Palace Drive,,Las Vegas,NV,89109,O2023,Not Applicable,2023-02-14,36328.86,,Staff Lodging,001,,,,,,,,,,, ,,,,,,,,
SB21B,C00754051,B838584,,,ORG,Hotel and Gaming Trades Council AFL-CIO,,,,,,709 Eighth Avenue,,New York,NY,10036,O2023,Not Applicable,2023-01-17,2454.44,,Staff Salary & Expenses,011,,,,,,,,,,, ,,,,,,,,
SB21B,C00754051,B839121,,,ORG,Hotel and Gaming Trades Council AFL-CIO,,,,,,707 Eight Avenue,,New York,NY,10036,O2023,Not Applicable,2023-01-26,227.60,,Staff Travel,001,,,,,,,,,,, ,,,,,,,,
SB21B,C00754051,B839448,,,ORG,UNITE HERE Political,,,,,,275 Seventh Avenue 16th Floor,,New York,NY,10001,O2023,Not Applicable,2023-02-02,40869.97,,Staff Travel,001,,,,,,,,,,, ,,,,,,,,
SB21B,C00754051,B840287,,,ORG,UNITE HERE,,,,,,275 Seventh Avenue,,New York,NY,10001,O2023,Not Applicable,2023-02-14,102054.23,,"Staff Meals, Staff Travel & Office Expenses",001,,,,,,,,,,, ,,,,,,,,
SB21B,C00754051,B840290,,,ORG,UNITE HERE,,,,,,275 Seventh Avenue,,New York,NY,10001,O2023,Not Applicable,2023-02-14,68004.53,,"Staff Meals, Staff Travel & Office Expenses",001,,,,,,,,,,, ,,,,,,,,
SB21B,C00754051,B840294,,,ORG,UNITE HERE,,,,,,275 Seventh Avenue,,New York,NY,10001,O2023,Not Applicable,2023-02-14,7570.00,,Staff Meals,001,,,,,,,,,,, ,,,,,,,,
SB21B,C00754051,B840412,,,ORG,UNITE HERE,,,,,,275 7th Avenue,,New York,NY,10001,O2023,Not Applicable,2023-02-14,304054.23,,"Staff Meals, Staff Lodging & Office Expenses",001,,,,,,,,,,, ,,,,,,,,
SB21B,C00754051,B840956,,,ORG,UNITE HERE,,,,,,275 Seventh Avenue,,New York,NY,10001,O2023,Not Applicable,2023-02-27,15000.00,,Staff Meals,001,,,,,,,,,,, ,,,,,,,,
SB21B,C00754051,B841331,,,ORG,UNITE HERE,,,,,,275 Seventh Avenue,,New York,NY,10001,O2023,Not Applicable,2023-03-07,63944.19,,Staff Meals,001,,,,,,,,,,, ,,,,,,,,
SB21B,C00754051,B845177,,,ORG,UNITE HERE,,,,,,275 Seventh Avenue,,New York,NY,10001,P2023,,2023-04-13,4229.54,,Administrative Car Rental Expenses,001,,,,,,,,,,, ,,,,,,,,
SB21B,C00754051,B845463,,,ORG,UNITE HERE,,,,,,275 Seventh Avenue,,New York,NY,10001,O2023,Not Applicable,2023-04-20,908.47,,Car Rental,001,,,,,,,,,,, ,,,,,,,,
SB21B,C00754051,B846061,,,ORG,UNITE HERE,,,,,,275 Seventh Avenue,,New York,NY,10001,O2023,Not Applicable,2023-05-04,700.56,,Administrative Staff Salary & Expenses ,001,,,,,,,,,,, ,,,,,,,,
SB21B,C00754051,B846625,,,ORG,UNITE HERE,,,,,,275 Seventh Avenue,,New York,NY,10001,O2023,Not Applicable,2023-05-13,1062.99,,Administrative Staff Salary & Expenses ,001,,,,,,,,,,, ,,,,,,,,
SB21B,C00754051,B846847,,,ORG,UNITE HERE,,,,,,275 Seventh Avenue,,New York,NY,10001,O2023,Not Applicable,2023-05-16,255.11,,Administrative Staff Salary & Expenses ,001,,,,,,,,,,, ,,,,,,,,
SB21B,C00754051,B848276,,,ORG,UNITE HERE,,,,,,275 Seventh Avenue,,New York,NY,10001,O2023,Not Applicable,2023-06-05,25283.18,,Car Rental Expenses,001,,,,,,,,,,, ,,,,,,,,
SB21B,C00754051,B848999,,,ORG,UNITE HERE,,,,,,275 Seventh Avenue,,New York,NY,10001,O2023,Not Applicable,2023-06-13,2448.42,,Admin expense - other,001,,,,,,,,,,, ,,,,,,,,
SB21B,C00754051,B850407,,,ORG,UNITE HERE,,,,,,275 Seventh Avenue,,New York,NY,10001,O2023,Not Applicable,2023-06-29,43339.61,,Car Rental Expenses,001,,,,,,,,,,, ,,,,,,,,
SB21B,C00754051,B838349,,,ORG,Sheraton Philadelphia Downtown,,,,,,201 N. 17th Street,,Philadelphia,PA,19103,O2023,Not Applicable,2023-01-03,43551.89,,Staff Lodging,001,,,,,,,,,,, ,,,,,,,,
SB21B,C00754051,B838641,,,ORG,UNITE HERE Local 274,,,,,,1415 N. Broad Street Suite 219,,Philadelphia,PA,19122,O2023,Not Applicable,2023-01-17,32250.07,,Staff Travel,001,,,,,,,,,,, ,,,,,,,,
SB21B,C00754051,B839122,,,ORG,UNITE HERE Local 274,,,,,,1415 N. Broad Street Suite 219,,Philadelphia,PA,19122,O2022,Not Applicable,2023-01-26,1945.26,,Office Supplies,001,,,,,,,,,,, ,,,,,,,,
SB21B,C00754051,B844579,,,ORG,UNITE HERE Local 274,,,,,,1415 N. Broad Street Suite 219,,Philadelphia,PA,19122,O2023,Not Applicable,2023-03-30,42522.00,,Administrative Staff Salary & Expenses ,001,,,,,,,,,,, ,,,,,,,,
SB21B,C00754051,B845052,,,ORG,UNITE HERE Local 274,,,,,,1415 N. Broad Street Suite 219,,Philadelphia,PA,19122,O2023,Not Applicable,2023-04-13,38356.89,,Administrative Staff Salary & Expenses ,001,,,,,,,,,,, ,,,,,,,,
SB21B,C00754051,B845042,,,ORG,UNITE HERE Local 274,,,,,,1415 N. Broad Street Suite 219,,Philadelphia,PA,19122,O2023,Not Applicable,2023-04-13,59630.65,,Administrative Staff Salary & Expenses ,001,,,,,,,,,,, ,,,,,,,,
SB21B,C00754051,B846058,,,ORG,UNITE HERE Local 274,,,,,,1415 N. Broad Street Suite 219,,Philadelphia,PA,19122,O2023,Not Applicable,2023-05-04,34516.54,,Administrative Staff Salary & Expenses ,001,,,,,,,,,,, ,,,,,,,,
SB21B,C00754051,B846059,,,ORG,UNITE HERE Local 274,,,,,,1415 N. Broad Street Suite 219,,Philadelphia,PA,19122,P2023,,2023-05-04,22340.54,,Administrative Staff Salary & Expenses ,001,,,,,,,,,,, ,,,,,,,,
SB21B,C00754051,B846060,,,ORG,Northern Liberty Press,,,,,,1223 North Mascher Street,,Philadelphia,PA,19122,O2023,Not Applicable,2023-05-04,4355.10,,Printing Canvassing Materials,001,,,,,,,,,,, ,,,,,,,,
SB21B,C00754051,B846548,,,ORG,Holiday Inn Express Penns Landing,,,,,,100 North Columbus Blvd.,,Philadelphia,PA,19106,O2023,Not Applicable,2023-05-11,5823.04,,Staff Lodging,001,,,,,,,,,,, ,,,,,,,,
SB21B,C00754051,B846571,,,ORG,Northern Liberty Press,,,,,,1223 North Mascher Street,,Philadelphia,PA,19122,O2023,Not Applicable,2023-05-13,3036.94,,Administrative Printing ,001,,,,,,,,,,, ,,,,,,,,
SB21B,C00754051,B848275,,,ORG,UNITE HERE Local 274,,,,,,1415 N. Broad Street Suite 219,,Philadelphia,PA,19122,O2023,Not Applicable,2023-06-05,62813.01,,Administrative Staff Salary & Expenses,001,,,,,,,,,,, ,,,,,,,,
SB21B,C00754051,B849302,,,ORG,Sheraton Philadelphia Downtown,,,,,,201 N. 17th Street,,Philadelphia,PA,19103,O2023,Not Applicable,2023-06-15,3000.00,,Post-Election Event Expenses,001,,,,,,,,,,, ,,,,,,,,
SB21B,C00754051,B841173,,,ORG,Financial Innovations Inc,,,,,,One Weingeroff Boulevard,,Cranston,RI,02910,O2023,Not Applicable,2023-03-02,541.17,,Shipping Fees,001,,,,,,,,,,, ,,,,,,,,
SB21B,C00754051,B844743,,,ORG,Financial Innovations Inc,,,,,,One Weingeroff Boulevard,,Cranston,RI,02910,O2023,Not Applicable,2023-04-06,3269.08,,Staff T-Shirts,001,,,,,,,,,,, ,,,,,,,,
SB21B,C00754051,B846952,,,ORG,Financial Innovations,,,,,,One Weingeroff Blvd.,,Cranston,RI,02910,O2023,Not Applicable,2023-05-18,10788.77,,Staff Weather Gear,001,,,,,,,,,,, ,,,,,,,,
SB21B,C00754051,B839176,,,ORG,Mastercard,,,,,,PO Box 672051,,Dallas,TX,75267,O2023,Not Applicable,2023-01-25,1541.76,,Credit Card Payment-Itemized Below,001,,,,,,,,,,, ,,,,,,,,
SB21B,C00754051,B839176A,,,ORG,Chevron,,,,,,6001 Bollinger Canyon Road,,San Ramon,CA,94583,O2023,Not Applicable,2023-01-25,5.94,,Gas,001,,,,,,,,,,, ,,,,,,,X,
SB21B,C00754051,B839176B,,,ORG,Guitar Center,,,,,,5795 Lindero Canyon Road,,Westlake Village,CA,91362,O2023,Not Applicable,2023-01-25,291.60,,Electrical Supplies,001,,,,,,,,,,, ,,,,,,,X,
SB21B,C00754051,B839176C,,,ORG,Kroger,,,,,,1014 Vine Street,,Cincinatti,OH,45202,O2023,Not Applicable,2023-01-25,157.86,,Staff Meals,001,,,,,,,,,,, ,,,,,,,X,
SB21B,C00754051,B839176D,,,ORG,Lowes,,,,,,1000 Lowes Blvd,,Mooresville,NC,28117,O2023,Not Applicable,2023-01-25,333.75,,Office Supplies,001,,,,,,,,,,, ,,,,,,,X,
SB21B,C00754051,B839176E,,,ORG,Office Depot,,,,,,6600 North Military Trail,,Boca Raton,FL,33496,O2023,Not Applicable,2023-01-25,3.92,,Office Supplies,001,,,,,,,,,,, ,,,,,,,X,
SB21B,C00754051,B839176F,,,ORG,Publix,,,,,,3300 Publix Corporate Pkwy,,Lakeland,FL,33802,O2023,Not Applicable,2023-01-25,126.33,,Staff Meals,001,,,,,,,,,,, ,,,,,,,X,
SB21B,C00754051,B839176G,,,ORG,Staples,,,,,,500 Staples Drive,,Framingham,MA,01702,O2023,Not Applicable,2023-01-25,37.54,,Office Supplies,001,,,,,,,,,,, ,,,,,,,X,
SB21B,C00754051,B839176H,,,ORG,Home Depot,,,,,,2455 Paces Ferry Road NW,,Atlanta,GA,30339,O2023,Not Applicable,2023-01-25,584.82,,Office Supplies,001,,,,,,,,,,, ,,,,,,,X,
SB21B,C00754051,B839177,,,ORG,Mastercard,,,,,,PO Box 672051,,Dallas,TX,75267,O2023,Not Applicable,2023-01-25,33534.17,,Credit Card Payment-Itemized Below,001,,,,,,,,,,, ,,,,,,,,
SB21B,C00754051,B839177A,,,ORG,Reach Progress PBC,,,,,,43-16 12th Street,,Long Island City,NY,11101,O2023,Not Applicable,2023-01-25,1000.00,,Software,001,,,,,,,,,,, ,,,,,,,X,
SB21B,C00754051,B839177B,,,ORG,Staybridge Suites,,,,,,6095 Emerald Pkwy,,Dublin,OH,43016,O2023,Not Applicable,2023-01-25,-4632.08,,Staff Lodging Refund,001,,,,,,,,,,, ,,,,,,,X,
SB21B,C00754051,B839177C,,,ORG,Towneplace Suites,,,,,,4200 International Plaza,,Ft. Worth,TX,76109,O2023,Not Applicable,2023-01-25,37166.25,,Staff Lodging Refund,001,,,,,,,,,,, ,,,,,,,X,
SB21B,C00754051,B839178,,,ORG,Mastercard,,,,,,PO Box 672051,,Dallas,TX,75267,O2023,Not Applicable,2023-01-25,3700.71,,Credit Card Payment-Itemized Below,001,,,,,,,,,,, ,,,,,,,,
SB21B,C00754051,B839178A,,,ORG,Cubesmart,,,,,,5 Old Lancaster Road,,Malvern,PA,19355,O2023,Not Applicable,2023-01-25,302.18,,Storage Fee,001,,,,,,,,,,, ,,,,,,,X,
SB21B,C00754051,B839178B,,,ORG,Google,,,,,,1600 Amphitheater Parkway,,Mountain View,CA,94043,O2023,Not Applicable,2023-01-25,2836.29,,Software,001,,,,,,,,,,, ,,,,,,,X,
SB21B,C00754051,B839178C,,,ORG,Patriot Parking,,,,,,2215 Walnut Street,,Philadelphia,PA,19103,O2023,Not Applicable,2023-01-25,315.00,,Parking,001,,,,,,,,,,, ,,,,,,,X,
SB21B,C00754051,B839178D,,,ORG,UPS Store,,,,,,55 Glenlake Pkwy NE,,Atlanta,GA,30328,O2023,Not Applicable,2023-01-25,50.96,,Shipping,001,,,,,,,,,,, ,,,,,,,X,
SB21B,C00754051,B839178E,,,ORG,Uber,,,,,,1455 Market Street,Suite 400,San Francisco,CA,94103,O2023,Not Applicable,2023-01-25,196.28,,Staff Travel,001,,,,,,,,,,, ,,,,,,,X,
SB21B,C00754051,B839179,,,ORG,Mastercard,,,,,,PO Box 672051,,Dallas,TX,75267,O2023,Not Applicable,2023-01-25,30527.25,,Credit Card Payment-Itemized Below,001,,,,,,,,,,, ,,,,,,,,
SB21B,C00754051,B839179A,,,ORG,Hyatt Hotels,,,,,,1625 K Street NW,,Washington,DC,20006,O2023,Not Applicable,2023-01-25,27719.22,,Staff Lodging,001,,,,,,,,,,, ,,,,,,,X,
SB21B,C00754051,B839179B,,,ORG,Marriott Hotels,,,,,,7750 Wisconsin Avenue,,Bethesda,MD,20814,O2023,Not Applicable,2023-01-25,1673.03,,Staff Lodging,001,,,,,,,,,,, ,,,,,,,X,
SB21B,C00754051,B839179C,,,ORG,Patriot Parking,,,,,,2215 Walnut Street,,Philadelphia,PA,19103,O2023,Not Applicable,2023-01-25,1135.00,,Parking,001,,,,,,,,,,, ,,,,,,,X,
SB21B,C00754051,B839180,,,ORG,Mastercard,,,,,,PO Box 672051,,Dallas,TX,75267,O2023,Not Applicable,2023-01-25,44347.76,,Credit Card Payment-Itemized Below,001,,,,,,,,,,, ,,,,,,,,
SB21B,C00754051,B839180A,,,ORG,AAA Parking,,,,,,1100 Spring Street NW,Suite 800,Atlanta,GA,30309,O2023,Not Applicable,2023-01-25,50.00,,Parking,001,,,,,,,,,,, ,,,,,,,X,
SB21B,C00754051,B839180B,,,ORG,Big Bank Photos,,,,,,650 Ponce De Leon Ave NE,Suite 300,Atlanta,GA,30308,O2023,Not Applicable,2023-01-25,900.00,,Photography,001,,,,,,,,,,, ,,,,,,,X,
SB21B,C00754051,B839180C,,,ORG,CharterUp,,,,,,3525 Piedmont Road,Suite 5-20,Atlanta,GA,30305,O2023,Not Applicable,2023-01-25,6192.88,,Bus Charter,001,,,,,,,,,,, ,,,,,,,X,
SB21B,C00754051,B839180D,,,ORG,Cheddars,,,,,,2900 Ranch Trail,,Irving,TX,75063,O2023,Not Applicable,2023-01-25,1474.52,,Staff Meals,001,,,,,,,,,,, ,,,,,,,X,
SB21B,C00754051,B839180E,,,ORG,Chick Fil A,,,,,,5200 Buffington Road,,Atlanta,GA,30349,O2023,Not Applicable,2023-01-25,1269.52,,Staff Meals,001,,,,,,,,,,, ,,,,,,,X,
SB21B,C00754051,B839180F,,,ORG,Cityview Florist,,,,,,1620 Bryant Irvin Road,,Ft. Worth,TX,76132,O2023,Not Applicable,2023-01-25,216.49,,Flowers,001,,,,,,,,,,, ,,,,,,,X,
SB21B,C00754051,B839180G,,,ORG,Crowne Plaza Hotel,,,,,,15500 E 40th Avenue,,Denver,CO,80239,O2023,Not Applicable,2023-01-25,4429.91,,Staff Lodging,001,,,,,,,,,,, ,,,,,,,X,
SB21B,C00754051,B839180H,,,ORG,Einstein Brothers Bagels,,,,,,555 Zang Street,Suite 300,Lakewood,CO,80228,O2023,Not Applicable,2023-01-25,218.31,,Staff Meals,001,,,,,,,,,,, ,,,,,,,X,
SB21B,C00754051,B839180I,,,ORG,Elite Party Bus LLC,,,,,,14502 Greenview Drive,#500,Laurel,MD,20708,O2023,Not Applicable,2023-01-25,700.00,,Bus Charter,001,,,,,,,,,,, ,,,,,,,X,
SB21B,C00754051,B839180K,,,ORG,FedEx,,,,,,942 South Shady Grove Road,,Memphis,TN,38120,O2023,Not Applicable,2023-01-25,16.79,,Printing,001,,,,,,,,,,, ,,,,,,,X,
SB21B,C00754051,B839180L,,,ORG,Firehouse Subs,,,,,,12735 Gran Bay Pkwy,Suite 150,Jacksonville,FL,32258,O2023,Not Applicable,2023-01-25,285.41,,Staff Meals,001,,,,,,,,,,, ,,,,,,,X,
SB21B,C00754051,B839180M,,,ORG,IBEW Local 613,,,,,,501 Pulliam Street SW,#250,Atlanta,GA,30312,O2023,Not Applicable,2023-01-25,200.00,,Office Space,001,,,,,,,,,,, ,,,,,,,X,
SB21B,C00754051,B839180N,,,ORG,Jimmy John's,,,,,,2212 Fox Drive,,Champaign,IL,61820,O2023,Not Applicable,2023-01-25,342.24,,Staff Meals,001,,,,,,,,,,, ,,,,,,,X,
SB21B,C00754051,B839180O,,,ORG,Kroger,,,,,,1014 Vine Street,,Cincinatti,OH,45202,O2023,Not Applicable,2023-01-25,631.60,,Staff Meals,001,,,,,,,,,,, ,,,,,,,X,
SB21B,C00754051,B839180P,,,ORG,Los Recuerdos Tavern,,,,,,1455 Pleasant Hill Road,Suite 807B,Lawrenceville,GA,30044,O2023,Not Applicable,2023-01-25,592.19,,Staff Meals,001,,,,,,,,,,, ,,,,,,,X,
SB21B,C00754051,B839180Q,,,ORG,Mellow Mushroom,,,,,,1400 W Peachtree Street NW,Suite 1,Atlanta,GA,30308,O2023,Not Applicable,2023-01-25,176.51,,Staff Meals,001,,,,,,,,,,, ,,,,,,,X,
SB21B,C00754051,B839180R,,,ORG,Mr. Pizza,,,,,,3443 Macon Road,,Columbus,GA,31907,O2023,Not Applicable,2023-01-25,486.33,,Staff Meals,001,,,,,,,,,,, ,,,,,,,X,
SB21B,C00754051,B839180S,,,ORG,Nowak's,,,,,,1397 N. Highland Avenue,,Atlanta,GA,30306,O2023,Not Applicable,2023-01-25,9160.74,,Staff Meals,001,,,,,,,,,,, ,,,,,,,X,
SB21B,C00754051,B839180T,,,ORG,Office Depot,,,,,,6600 North Military Trail,,Boca Raton,FL,33496,O2023,Not Applicable,2023-01-25,55.24,,Office Supplies,001,,,,,,,,,,, ,,,,,,,X,
SB21B,C00754051,B839180U,,,ORG,Ole Times Country Buffet,,,,,,1701 N Monroe Street,,Tallahassee,FL,32303,O2023,Not Applicable,2023-01-25,1202.97,,Staff Meals,001,,,,,,,,,,, ,,,,,,,X,
SB21B,C00754051,B839180V,,,ORG,Pizza Hut,,,,,,7100 Corporate Drive,,Plano,TX,75024,O2023,Not Applicable,2023-01-25,524.05,,Staff Meals,001,,,,,,,,,,, ,,,,,,,X,
SB21B,C00754051,B839180W,,,ORG,Popeye's,,,,,,400 Perimiter Center Terrace,Suite 1000,Atlanta,GA,30342,O2023,Not Applicable,2023-01-25,2433.08,,Staff Meals,001,,,,,,,,,,, ,,,,,,,X,
SB21B,C00754051,B839180X,,,ORG,Radisson Hotels,,,,,,701 Carlson Parkway,,Minnetonka,MN,55305,O2023,Not Applicable,2023-01-25,7741.80,,Staff Lodging,001,,,,,,,,,,, ,,,,,,,X,
SB21B,C00754051,B839180Y,,,ORG,Greensuply.com,,,,,,3216 E. Cactus Road,,Phoenix,AZ,85302,O2023,Not Applicable,2023-01-25,815.12,,PPE,001,,,,,,,,,,, ,,,,,,,X,
SB21B,C00754051,B839180Z,,,ORG,The Bash Part Rentals,,,,,,2133 Mountain Industrial Blvd,,Tucker,GA,30084,O2023,Not Applicable,2023-01-25,428.03,,Generator Rental,001,,,,,,,,,,, ,,,,,,,X,
SB21B,C00754051,B839180AA,,,ORG,Home Depot,,,,,,2455 Paces Ferry Road NW,,Atlanta,GA,30339,O2023,Not Applicable,2023-01-25,577.57,,Office Supplies,001,,,,,,,,,,, ,,,,,,,X,
SB21B,C00754051,B839180AB,,,ORG,Tiger Limo,,,,,,1047 Opelika Road,,Auburn,AL,36830,O2023,Not Applicable,2023-01-25,2140.00,,Car Service,001,,,,,,,,,,, ,,,,,,,X,
SB21B,C00754051,B839180AC,,,ORG,Zunzi's,,,,,,1971 Howell Mill Road,,Atlanta,GA,30318,O2023,Not Applicable,2023-01-25,1002.30,,Staff Meals,001,,,,,,,,,,, ,,,,,,,X,
SB21B,C00754051,B839180AD,,,ORG,Walmart,,,,,,702 SW 8th Street,,Bentonville,AR,72716,O2023,Not Applicable,2023-01-25,84.16,,Office Supplies,001,,,,,,,,,,, ,,,,,,,X,
SB21B,C00754051,B840387,,,ORG,UNITE HERE,,,,,,275 Seventh Avenue,,New York,NY,10001,O2023,Not Applicable,2023-02-14,17557.02,,Staff Lodging,001,,,,,,,,,,, ,,,,,,,,
SB21B,C00754051,B838535,,,ORG,Metropolitan Travel Service,,,,,,4520 Old Columbia Pike,,Annandale,VA,22003,O2023,Not Applicable,2023-01-12,1610.00,,Staff Travel,001,,,,,,,,,,, ,,,,,,,,
SB21B,C00754051,B838536,,,ORG,Urgent.ly Inc.,,,,,,8609 Westwood Center Drive Suite 8,,Vienna,VA,22182,O2023,Not Applicable,2023-01-12,891.75,,Staff Lodging,001,,,,,,,,,,, ,,,,,,,,
SB21B,C00754051,B839633,,,ORG,Public Affairs Support Services Inc.,,,,,,1950 Roland Clarke Place Suite 300,,Reston,VA,20191,O2023,Not Applicable,2023-02-06,18377.90,,Compliance/reporting/filing,001,,,,,,,,,,, ,,,,,,,,
SB21B,C00754051,B840575,,,ORG,Metropolitan Travel Service,,,,,,4520 Old Columbia Pike,,Annandale,VA,22003,O2023,Not Applicable,2023-02-21,795.00,,Staff Travel,001,,,,,,,,,,, ,,,,,,,,
SB21B,C00754051,B840888,,,ORG,Metropolitan Travel Service,,,,,,4520 Old Columbia Pike,,Annandale,VA,22003,O2023,Not Applicable,2023-02-23,40000.00,,Staff Travel,001,,,,,,,,,,, ,,,,,,,,
SB21B,C00754051,B847892,,,ORG,Public Affairs Support Services Inc.,,,,,,1950 Roland Clarke Place Suite 300,,Reston,VA,20191,O2023,Not Applicable,2023-05-30,9643.35,,Compliance/reporting/filing,001,,,,,,,,,,, ,,,,,,,,
SB21B,C00754051,B848997,,,ORG,Metropolitan Travel Service,,,,,,4520 Old Columbia Pike,,Annandale,VA,22003,P2023,,2023-06-13,175.00,,Staff Travel,001,,,,,,,,,,, ,,,,,,,,
